game_id,season,season_type,game_date,game_date_time,athlete_id,athlete_display_name,team_id,team_name,team_location,team_short_display_name,minutes,field_goals_made,field_goals_attempted,three_point_field_goals_made,three_point_field_goals_attempted,free_throws_made,free_throws_attempted,offensive_rebounds,defensive_rebounds,rebounds,assists,steals,blocks,turnovers,fouls,points,starter,ejected,did_not_play,active,athlete_jersey,athlete_short_name,athlete_headshot_href,athlete_position_name,athlete_position_abbreviation,team_display_name,team_uid,team_slug,team_logo,team_abbreviation,team_color,team_alternate_color,home_away,team_winner,team_score,opponent_team_id,opponent_team_name,opponent_team_location,opponent_team_display_name,opponent_team_abbreviation,opponent_team_logo,opponent_team_color,opponent_team_alternate_color,opponent_team_score
401808540,2026,2,2026-03-02 00:00:00+00:00,2026-03-02 22:00:00-05:00,5177717,Malek Gomma,2692,Wildcats,Weber State,Weber St,26.0,0,2,0,0,0,0,1,3,4,1,1,0,0,1,0,True,False,False,False,7,M. Gomma,https://a.espncdn.com/i/headshots/mens-college-basketball/players/full/5177717.png,Forward,F,Weber State Wildcats,s:40~l:41~t:2692,weber-state-wildcats,https://a.espncdn.com/i/teamlogos/ncaa/500/2692.png,WEB,18005a,ebebeb,away,False,60,2502,Vikings,Portland State,Portland State Vikings,PRST,https://a.espncdn.com/i/teamlogos/ncaa/500/2502.png,00311e,ebebeb,84
401808540,2026,2,2026-03-02 00:00:00+00:00,2026-03-02 22:00:00-05:00,5107824,Nigel Burris,2692,Wildcats,Weber State,Weber St,22.0,3,7,1,2,4,5,1,4,5,1,0,0,2,2,11,True,False,False,False,5,N. Burris,https://a.espncdn.com/i/headshots/mens-college-basketball/players/full/5107824.png,Forward,F,Weber State Wildcats,s:40~l:41~t:2692,weber-state-wildcats,https://a.espncdn.com/i/teamlogos/ncaa/500/2692.png,WEB,18005a,ebebeb,away,False,60,2502,Vikings,Portland State,Portland State Vikings,PRST,https://a.espncdn.com/i/teamlogos/ncaa/500/2502.png,00311e,ebebeb,84
401808540,2026,2,2026-03-02 00:00:00+00:00,2026-03-02 22:00:00-05:00,5313294,Duce Paschal,2692,Wildcats,Weber State,Weber St,16.0,2,6,1,2,0,0,1,2,3,0,1,0,2,2,5,True,False,False,True,9,D. Paschal,https://a.espncdn.com/i/headshots/mens-college-basketball/players/full/5313294.png,Guard,G,Weber State Wildcats,s:40~l:41~t:2692,weber-state-wildcats,https://a.espncdn.com/i/teamlogos/ncaa/500/2692.png,WEB,18005a,ebebeb,away,False,60,2502,Vikings,Portland State,Portland State Vikings,PRST,https://a.espncdn.com/i/teamlogos/ncaa/500/2502.png,00311e,ebebeb,84
401808540,2026,2,2026-03-02 00:00:00+00:00,2026-03-02 22:00:00-05:00,5313292,Tijan Saine Jr.,2692,Wildcats,Weber State,Weber St,35.0,7,16,1,6,1,2,0,3,3,4,1,0,3,1,16,True,False,False,False,3,T. Saine Jr.,https://a.espncdn.com/i/headshots/mens-college-basketball/players/full/5313292.png,Guard,G,Weber State Wildcats,s:40~l:41~t:2692,weber-state-wildcats,https://a.espncdn.com/i/teamlogos/ncaa/500/2692.png,WEB,18005a,ebebeb,away,False,60,2502,Vikings,Portland State,Portland State Vikings,PRST,https://a.espncdn.com/i/teamlogos/ncaa/500/2502.png,00311e,ebebeb,84
401808540,2026,2,2026-03-02 00:00:00+00:00,2026-03-02 22:00:00-05:00,5175397,Viljami Vartiainen,2692,Wildcats,Weber State,Weber St,27.0,4,9,2,7,1,1,0,3,3,1,1,0,2,2,11,True,False,False,False,8,V. Vartiainen,https://a.espncdn.com/i/headshots/mens-college-basketball/players/full/5175397.png,Guard,G,Weber State Wildcats,s:40~l:41~t:2692,weber-state-wildcats,https://a.espncdn.com/i/teamlogos/ncaa/500/2692.png,WEB,18005a,ebebeb,away,False,60,2502,Vikings,Portland State,Portland State Vikings,PRST,https://a.espncdn.com/i/teamlogos/ncaa/500/2502.png,00311e,ebebeb,84
401808540,2026,2,2026-03-02 00:00:00+00:00,2026-03-02 22:00:00-05:00,5313291,Edwin Suarez Jr.,2692,Wildcats,Weber State,Weber St,18.0,3,5,0,0,0,2,4,2,6,0,1,0,0,3,6,False,False,False,False,0,E. Suarez Jr.,https://a.espncdn.com/i/headshots/mens-college-basketball/players/full/5313291.png,Forward,F,Weber State Wildcats,s:40~l:41~t:2692,weber-state-wildcats,https://a.espncdn.com/i/teamlogos/ncaa/500/2692.png,WEB,18005a,ebebeb,away,False,60,2502,Vikings,Portland State,Portland State Vikings,PRST,https://a.espncdn.com/i/teamlogos/ncaa/500/2502.png,00311e,ebebeb,84
401808540,2026,2,2026-03-02 00:00:00+00:00,2026-03-02 22:00:00-05:00,5241319,David Hansen,2692,Wildcats,Weber State,Weber St,1.0,0,0,0,0,0,0,0,0,0,0,0,0,0,0,0,False,False,False,True,33,D. Hansen,https://a.espncdn.com/i/headshots/mens-college-basketball/players/full/5241319.png,Forward,F,Weber State Wildcats,s:40~l:41~t:2692,weber-state-wildcats,https://a.espncdn.com/i/teamlogos/ncaa/500/2692.png,WEB,18005a,ebebeb,away,False,60,2502,Vikings,Portland State,Portland State Vikings,PRST,https://a.espncdn.com/i/teamlogos/ncaa/500/2502.png,00311e,ebebeb,84
401808540,2026,2,2026-03-02 00:00:00+00:00,2026-03-02 22:00:00-05:00,5241318,Declan Cutler,2692,Wildcats,Weber State,Weber St,13.0,0,1,0,0,0,0,0,0,0,0,0,0,0,2,0,False,False,False,True,15,D. Cutler,https://a.espncdn.com/i/headshots/mens-college-basketball/players/full/5241318.png,Forward,F,Weber State Wildcats,s:40~l:41~t:2692,weber-state-wildcats,https://a.espncdn.com/i/teamlogos/ncaa/500/2692.png,WEB,18005a,ebebeb,away,False,60,2502,Vikings,Portland State,Portland State Vikings,PRST,https://a.espncdn.com/i/teamlogos/ncaa/500/2502.png,00311e,ebebeb,84
401808540,2026,2,2026-03-02 00:00:00+00:00,2026-03-02 22:00:00-05:00,5313295,ArDarius Grayson,2692,Wildcats,Weber State,Weber St,12.0,1,5,0,3,1,1,0,1,1,1,0,0,2,0,3,False,False,False,True,12,A. Grayson,https://a.espncdn.com/i/headshots/mens-college-basketball/players/full/5313295.png,Guard,G,Weber State Wildcats,s:40~l:41~t:2692,weber-state-wildcats,https://a.espncdn.com/i/teamlogos/ncaa/500/2692.png,WEB,18005a,ebebeb,away,False,60,2502,Vikings,Portland State,Portland State Vikings,PRST,https://a.espncdn.com/i/teamlogos/ncaa/500/2502.png,00311e,ebebeb,84
401808540,2026,2,2026-03-02 00:00:00+00:00,2026-03-02 22:00:00-05:00,5241316,Trevor Hennig,2692,Wildcats,Weber State,Weber St,29.0,4,10,0,1,0,0,0,3,3,0,0,0,2,1,8,False,False,False,False,6,T. Hennig,https://a.espncdn.com/i/headshots/mens-college-basketball/players/full/5241316.png,Guard,G,Weber State Wildcats,s:40~l:41~t:2692,weber-state-wildcats,https://a.espncdn.com/i/teamlogos/ncaa/500/2692.png,WEB,18005a,ebebeb,away,False,60,2502,Vikings,Portland State,Portland State Vikings,PRST,https://a.espncdn.com/i/teamlogos/ncaa/500/2502.png,00311e,ebebeb,84
401808540,2026,2,2026-03-02 00:00:00+00:00,2026-03-02 22:00:00-05:00,5240507,Brady Smith,2692,Wildcats,Weber State,Weber St,1.0,0,1,0,0,0,0,0,0,0,0,0,0,0,0,0,False,False,False,True,11,B. Smith,https://a.espncdn.com/i/headshots/mens-college-basketball/players/full/5240507.png,Guard,G,Weber State Wildcats,s:40~l:41~t:2692,weber-state-wildcats,https://a.espncdn.com/i/teamlogos/ncaa/500/2692.png,WEB,18005a,ebebeb,away,False,60,2502,Vikings,Portland State,Portland State Vikings,PRST,https://a.espncdn.com/i/teamlogos/ncaa/500/2502.png,00311e,ebebeb,84
401808540,2026,2,2026-03-02 00:00:00+00:00,2026-03-02 22:00:00-05:00,5313296,Bourgeois Tshilobo,2692,Wildcats,Weber State,Weber St,,,,,,,,,,,,,,,,,False,False,True,False,17,B. Tshilobo,https://a.espncdn.com/i/headshots/mens-college-basketball/players/full/5313296.png,Forward,F,Weber State Wildcats,s:40~l:41~t:2692,weber-state-wildcats,https://a.espncdn.com/i/teamlogos/ncaa/500/2692.png,WEB,18005a,ebebeb,away,False,60,2502,Vikings,Portland State,Portland State Vikings,PRST,https://a.espncdn.com/i/teamlogos/ncaa/500/2502.png,00311e,ebebeb,84
401808540,2026,2,2026-03-02 00:00:00+00:00,2026-03-02 22:00:00-05:00,5313297,Tyler Christensen,2692,Wildcats,Weber State,Weber St,,,,,,,,,,,,,,,,,False,False,True,False,22,T. Christensen,https://a.espncdn.com/i/headshots/mens-college-basketball/players/full/5313297.png,Guard,G,Weber State Wildcats,s:40~l:41~t:2692,weber-state-wildcats,https://a.espncdn.com/i/teamlogos/ncaa/500/2692.png,WEB,18005a,ebebeb,away,False,60,2502,Vikings,Portland State,Portland State Vikings,PRST,https://a.espncdn.com/i/teamlogos/ncaa/500/2502.png,00311e,ebebeb,84
401808540,2026,2,2026-03-02 00:00:00+00:00,2026-03-02 22:00:00-05:00,5313293,Anthony Moore,2692,Wildcats,Weber State,Weber St,,,,,,,,,,,,,,,,,False,False,True,False,4,A. Moore,https://a.espncdn.com/i/headshots/mens-college-basketball/players/full/5313293.png,Guard,G,Weber State Wildcats,s:40~l:41~t:2692,weber-state-wildcats,https://a.espncdn.com/i/teamlogos/ncaa/500/2692.png,WEB,18005a,ebebeb,away,False,60,2502,Vikings,Portland State,Portland State Vikings,PRST,https://a.espncdn.com/i/teamlogos/ncaa/500/2502.png,00311e,ebebeb,84
401808540,2026,2,2026-03-02 00:00:00+00:00,2026-03-02 22:00:00-05:00,5107474,Jace Whiting,2692,Wildcats,Weber State,Weber St,,,,,,,,,,,,,,,,,False,False,True,False,24,J. Whiting,https://a.espncdn.com/i/headshots/mens-college-basketball/players/full/5107474.png,Guard,G,Weber State Wildcats,s:40~l:41~t:2692,weber-state-wildcats,https://a.espncdn.com/i/teamlogos/ncaa/500/2692.png,WEB,18005a,ebebeb,away,False,60,2502,Vikings,Portland State,Portland State Vikings,PRST,https://a.espncdn.com/i/teamlogos/ncaa/500/2502.png,00311e,ebebeb,84
401808540,2026,2,2026-03-02 00:00:00+00:00,2026-03-02 22:00:00-05:00,5175976,Terri Miller Jr.,2502,Vikings,Portland State,Portland St,27.0,8,17,1,6,1,1,0,5,5,6,3,3,1,1,18,True,False,False,False,23,T. Miller Jr.,https://a.espncdn.com/i/headshots/mens-college-basketball/players/full/5175976.png,Forward,F,Portland State Vikings,s:40~l:41~t:2502,portland-state-vikings,https://a.espncdn.com/i/teamlogos/ncaa/500/2502.png,PRST,00311e,ebebeb,home,True,84,2692,Wildcats,Weber State,Weber State Wildcats,WEB,https://a.espncdn.com/i/teamlogos/ncaa/500/2692.png,18005a,ebebeb,60
401808540,2026,2,2026-03-02 00:00:00+00:00,2026-03-02 22:00:00-05:00,4712656,Tre-Vaughn Minott,2502,Vikings,Portland State,Portland St,28.0,5,6,0,0,0,2,3,6,9,0,0,1,1,3,10,True,False,False,False,4,T. Minott,https://a.espncdn.com/i/headshots/mens-college-basketball/players/full/4712656.png,Center,C,Portland State Vikings,s:40~l:41~t:2502,portland-state-vikings,https://a.espncdn.com/i/teamlogos/ncaa/500/2502.png,PRST,00311e,ebebeb,home,True,84,2692,Wildcats,Weber State,Weber State Wildcats,WEB,https://a.espncdn.com/i/teamlogos/ncaa/500/2692.png,18005a,ebebeb,60
401808540,2026,2,2026-03-02 00:00:00+00:00,2026-03-02 22:00:00-05:00,5313265,Isaiah Williams,2502,Vikings,Portland State,Portland St,23.0,3,5,1,3,0,0,1,0,1,0,1,1,0,0,7,True,False,False,False,21,I. Williams,https://a.espncdn.com/i/headshots/mens-college-basketball/players/full/5313265.png,Guard,G,Portland State Vikings,s:40~l:41~t:2502,portland-state-vikings,https://a.espncdn.com/i/teamlogos/ncaa/500/2502.png,PRST,00311e,ebebeb,home,True,84,2692,Wildcats,Weber State,Weber State Wildcats,WEB,https://a.espncdn.com/i/teamlogos/ncaa/500/2692.png,18005a,ebebeb,60
401808540,2026,2,2026-03-02 00:00:00+00:00,2026-03-02 22:00:00-05:00,5176451,Keyon Kensie Jr.,2502,Vikings,Portland State,Portland St,28.0,4,6,0,1,5,6,0,3,3,1,1,0,0,1,13,True,False,False,False,0,K. Kensie Jr.,https://a.espncdn.com/i/headshots/mens-college-basketball/players/full/5176451.png,Guard,G,Portland State Vikings,s:40~l:41~t:2502,portland-state-vikings,https://a.espncdn.com/i/teamlogos/ncaa/500/2502.png,PRST,00311e,ebebeb,home,True,84,2692,Wildcats,Weber State,Weber State Wildcats,WEB,https://a.espncdn.com/i/teamlogos/ncaa/500/2692.png,18005a,ebebeb,60
401808540,2026,2,2026-03-02 00:00:00+00:00,2026-03-02 22:00:00-05:00,5175974,Jaylin Henderson,2502,Vikings,Portland State,Portland St,39.0,9,16,1,3,1,2,2,5,7,10,4,0,3,2,20,True,False,False,False,5,J. Henderson,https://a.espncdn.com/i/headshots/mens-college-basketball/players/full/5175974.png,Guard,G,Portland State Vikings,s:40~l:41~t:2502,portland-state-vikings,https://a.espncdn.com/i/teamlogos/ncaa/500/2502.png,PRST,00311e,ebebeb,home,True,84,2692,Wildcats,Weber State,Weber State Wildcats,WEB,https://a.espncdn.com/i/teamlogos/ncaa/500/2692.png,18005a,ebebeb,60
401808540,2026,2,2026-03-02 00:00:00+00:00,2026-03-02 22:00:00-05:00,5313266,Brayden Barron,2502,Vikings,Portland State,Portland St,1.0,1,1,0,0,0,0,0,2,2,0,0,0,0,0,2,False,False,False,True,32,B. Barron,https://a.espncdn.com/i/headshots/mens-college-basketball/players/full/5313266.png,Forward,F,Portland State Vikings,s:40~l:41~t:2502,portland-state-vikings,https://a.espncdn.com/i/teamlogos/ncaa/500/2502.png,PRST,00311e,ebebeb,home,True,84,2692,Wildcats,Weber State,Weber State Wildcats,WEB,https://a.espncdn.com/i/teamlogos/ncaa/500/2692.png,18005a,ebebeb,60
401808540,2026,2,2026-03-02 00:00:00+00:00,2026-03-02 22:00:00-05:00,4838708,Charles Chukwu,2502,Vikings,Portland State,Portland St,1.0,0,0,0,0,0,0,0,0,0,0,0,0,0,0,0,False,False,False,True,7,C. Chukwu,https://a.espncdn.com/i/headshots/mens-college-basketball/players/full/4838708.png,Forward,F,Portland State Vikings,s:40~l:41~t:2502,portland-state-vikings,https://a.espncdn.com/i/teamlogos/ncaa/500/2502.png,PRST,00311e,ebebeb,home,True,84,2692,Wildcats,Weber State,Weber State Wildcats,WEB,https://a.espncdn.com/i/teamlogos/ncaa/500/2692.png,18005a,ebebeb,60
401808540,2026,2,2026-03-02 00:00:00+00:00,2026-03-02 22:00:00-05:00,5313264,Colt Ness,2502,Vikings,Portland State,Portland St,1.0,0,0,0,0,0,0,0,0,0,1,0,0,0,0,0,False,False,False,True,10,C. Ness,https://a.espncdn.com/i/headshots/mens-college-basketball/players/full/5313264.png,Guard,G,Portland State Vikings,s:40~l:41~t:2502,portland-state-vikings,https://a.espncdn.com/i/teamlogos/ncaa/500/2502.png,PRST,00311e,ebebeb,home,True,84,2692,Wildcats,Weber State,Weber State Wildcats,WEB,https://a.espncdn.com/i/teamlogos/ncaa/500/2692.png,18005a,ebebeb,60
401808540,2026,2,2026-03-02 00:00:00+00:00,2026-03-02 22:00:00-05:00,5241389,Mozae Downing-Rivers,2502,Vikings,Portland State,Portland St,1.0,0,0,0,0,0,0,0,0,0,0,0,0,1,0,0,False,False,False,True,2,M. Downing-Rivers,https://a.espncdn.com/i/headshots/mens-college-basketball/players/full/5241389.png,Guard,G,Portland State Vikings,s:40~l:41~t:2502,portland-state-vikings,https://a.espncdn.com/i/teamlogos/ncaa/500/2502.png,PRST,00311e,ebebeb,home,True,84,2692,Wildcats,Weber State,Weber State Wildcats,WEB,https://a.espncdn.com/i/teamlogos/ncaa/500/2692.png,18005a,ebebeb,60
401808540,2026,2,2026-03-02 00:00:00+00:00,2026-03-02 22:00:00-05:00,5241305,Alex Dupre,2502,Vikings,Portland State,Portland St,4.0,0,0,0,0,0,0,0,2,2,0,0,0,0,0,0,False,False,False,False,15,A. Dupre,https://a.espncdn.com/i/headshots/mens-college-basketball/players/full/5241305.png,Guard,G,Portland State Vikings,s:40~l:41~t:2502,portland-state-vikings,https://a.espncdn.com/i/teamlogos/ncaa/500/2502.png,PRST,00311e,ebebeb,home,True,84,2692,Wildcats,Weber State,Weber State Wildcats,WEB,https://a.espncdn.com/i/teamlogos/ncaa/500/2692.png,18005a,ebebeb,60
401808540,2026,2,2026-03-02 00:00:00+00:00,2026-03-02 22:00:00-05:00,5241303,Sebastian Tidor,2502,Vikings,Portland State,Portland St,14.0,1,1,1,1,0,0,0,1,1,0,0,0,1,2,3,False,False,False,False,6,S. Tidor,https://a.espncdn.com/i/headshots/mens-college-basketball/players/full/5241303.png,Guard,G,Portland State Vikings,s:40~l:41~t:2502,portland-state-vikings,https://a.espncdn.com/i/teamlogos/ncaa/500/2502.png,PRST,00311e,ebebeb,home,True,84,2692,Wildcats,Weber State,Weber State Wildcats,WEB,https://a.espncdn.com/i/teamlogos/ncaa/500/2692.png,18005a,ebebeb,60
401808540,2026,2,2026-03-02 00:00:00+00:00,2026-03-02 22:00:00-05:00,5188809,Samuel Stewart IV,2502,Vikings,Portland State,Portland St,1.0,0,0,0,0,0,0,0,0,0,0,0,0,0,0,0,False,False,False,True,12,S. Stewart IV,https://a.espncdn.com/i/headshots/mens-college-basketball/players/full/5188809.png,Guard,G,Portland State Vikings,s:40~l:41~t:2502,portland-state-vikings,https://a.espncdn.com/i/teamlogos/ncaa/500/2502.png,PRST,00311e,ebebeb,home,True,84,2692,Wildcats,Weber State,Weber State Wildcats,WEB,https://a.espncdn.com/i/teamlogos/ncaa/500/2692.png,18005a,ebebeb,60
401808540,2026,2,2026-03-02 00:00:00+00:00,2026-03-02 22:00:00-05:00,5175677,Kelcy Phipps,2502,Vikings,Portland State,Portland St,16.0,1,4,1,3,0,0,0,1,1,5,2,0,0,1,3,False,False,False,False,1,K. Phipps,https://a.espncdn.com/i/headshots/mens-college-basketball/players/full/5175677.png,Guard,G,Portland State Vikings,s:40~l:41~t:2502,portland-state-vikings,https://a.espncdn.com/i/teamlogos/ncaa/500/2502.png,PRST,00311e,ebebeb,home,True,84,2692,Wildcats,Weber State,Weber State Wildcats,WEB,https://a.espncdn.com/i/teamlogos/ncaa/500/2692.png,18005a,ebebeb,60
401808540,2026,2,2026-03-02 00:00:00+00:00,2026-03-02 22:00:00-05:00,4586322,Brycen Long,2502,Vikings,Portland State,Portland St,16.0,2,5,2,5,2,3,0,1,1,2,0,0,0,0,8,False,False,False,False,3,B. Long,https://a.espncdn.com/i/headshots/mens-college-basketball/players/full/4586322.png,Guard,G,Portland State Vikings,s:40~l:41~t:2502,portland-state-vikings,https://a.espncdn.com/i/teamlogos/ncaa/500/2502.png,PRST,00311e,ebebeb,home,True,84,2692,Wildcats,Weber State,Weber State Wildcats,WEB,https://a.espncdn.com/i/teamlogos/ncaa/500/2692.png,18005a,ebebeb,60
401808540,2026,2,2026-03-02 00:00:00+00:00,2026-03-02 22:00:00-05:00,5241003,Kean Webb,2502,Vikings,Portland State,Portland St,,,,,,,,,,,,,,,,,False,False,True,False,13,K. Webb,https://a.espncdn.com/i/headshots/mens-college-basketball/players/full/5241003.png,Forward,F,Portland State Vikings,s:40~l:41~t:2502,portland-state-vikings,https://a.espncdn.com/i/teamlogos/ncaa/500/2502.png,PRST,00311e,ebebeb,home,True,84,2692,Wildcats,Weber State,Weber State Wildcats,WEB,https://a.espncdn.com/i/teamlogos/ncaa/500/2692.png,18005a,ebebeb,60
401808540,2026,2,2026-03-02 00:00:00+00:00,2026-03-02 22:00:00-05:00,5177095,Isaac Brice,2502,Vikings,Portland State,Portland St,,,,,,,,,,,,,,,,,False,False,True,False,9,I. Brice,https://a.espncdn.com/i/headshots/mens-college-basketball/players/full/5177095.png,Forward,F,Portland State Vikings,s:40~l:41~t:2502,portland-state-vikings,https://a.espncdn.com/i/teamlogos/ncaa/500/2502.png,PRST,00311e,ebebeb,home,True,84,2692,Wildcats,Weber State,Weber State Wildcats,WEB,https://a.espncdn.com/i/teamlogos/ncaa/500/2692.png,18005a,ebebeb,60
401808540,2026,2,2026-03-02 00:00:00+00:00,2026-03-02 22:00:00-05:00,5313267,Matt Beatty,2502,Vikings,Portland State,Portland St,,,,,,,,,,,,,,,,,False,False,True,False,35,M. Beatty,https://a.espncdn.com/i/headshots/mens-college-basketball/players/full/5313267.png,Center,C,Portland State Vikings,s:40~l:41~t:2502,portland-state-vikings,https://a.espncdn.com/i/teamlogos/ncaa/500/2502.png,PRST,00311e,ebebeb,home,True,84,2692,Wildcats,Weber State,Weber State Wildcats,WEB,https://a.espncdn.com/i/teamlogos/ncaa/500/2692.png,18005a,ebebeb,60
401808500,2026,2,2026-03-02 00:00:00+00:00,2026-03-02 22:00:00-05:00,5241283,Connor Hollenbeck,304,Bengals,Idaho State,Idaho St,26.0,4,10,0,4,4,5,3,2,5,3,2,1,5,1,12,True,False,False,False,10,C. Hollenbeck,https://a.espncdn.com/i/headshots/mens-college-basketball/players/full/5241283.png,Forward,F,Idaho State Bengals,s:40~l:41~t:304,idaho-state-bengals,https://a.espncdn.com/i/teamlogos/ncaa/500/304.png,IDST,ef8c00,e9a126,away,False,65,16,Hornets,Sacramento State,Sacramento State Hornets,SAC,https://a.espncdn.com/i/teamlogos/ncaa/500/16.png,00573C,cdb97d,83
401808500,2026,2,2026-03-02 00:00:00+00:00,2026-03-02 22:00:00-05:00,5176324,Evan Otten,304,Bengals,Idaho State,Idaho St,3.0,0,0,0,0,0,0,0,0,0,0,0,1,1,2,0,True,False,False,False,30,E. Otten,https://a.espncdn.com/i/headshots/mens-college-basketball/players/full/5176324.png,Forward,F,Idaho State Bengals,s:40~l:41~t:304,idaho-state-bengals,https://a.espncdn.com/i/teamlogos/ncaa/500/304.png,IDST,ef8c00,e9a126,away,False,65,16,Hornets,Sacramento State,Sacramento State Hornets,SAC,https://a.espncdn.com/i/teamlogos/ncaa/500/16.png,00573C,cdb97d,83
401808500,2026,2,2026-03-02 00:00:00+00:00,2026-03-02 22:00:00-05:00,5313166,Jamison Guerra,304,Bengals,Idaho State,Idaho St,23.0,1,4,0,2,4,4,0,2,2,6,0,0,1,2,6,True,False,False,False,2,J. Guerra,https://a.espncdn.com/i/headshots/mens-college-basketball/players/full/5313166.png,Point Guard,PG,Idaho State Bengals,s:40~l:41~t:304,idaho-state-bengals,https://a.espncdn.com/i/teamlogos/ncaa/500/304.png,IDST,ef8c00,e9a126,away,False,65,16,Hornets,Sacramento State,Sacramento State Hornets,SAC,https://a.espncdn.com/i/teamlogos/ncaa/500/16.png,00573C,cdb97d,83
401808500,2026,2,2026-03-02 00:00:00+00:00,2026-03-02 22:00:00-05:00,5313170,Martin Kheil,304,Bengals,Idaho State,Idaho St,21.0,1,4,1,4,0,0,0,0,0,1,0,1,0,2,3,True,False,False,False,11,M. Kheil,https://a.espncdn.com/i/headshots/mens-college-basketball/players/full/5313170.png,Guard,G,Idaho State Bengals,s:40~l:41~t:304,idaho-state-bengals,https://a.espncdn.com/i/teamlogos/ncaa/500/304.png,IDST,ef8c00,e9a126,away,False,65,16,Hornets,Sacramento State,Sacramento State Hornets,SAC,https://a.espncdn.com/i/teamlogos/ncaa/500/16.png,00573C,cdb97d,83
401808500,2026,2,2026-03-02 00:00:00+00:00,2026-03-02 22:00:00-05:00,5241308,Lachlan Brewer,304,Bengals,Idaho State,Idaho St,28.0,2,6,1,4,0,1,1,0,1,0,0,0,0,0,5,True,False,False,False,12,L. Brewer,https://a.espncdn.com/i/headshots/mens-college-basketball/players/full/5241308.png,Guard,G,Idaho State Bengals,s:40~l:41~t:304,idaho-state-bengals,https://a.espncdn.com/i/teamlogos/ncaa/500/304.png,IDST,ef8c00,e9a126,away,False,65,16,Hornets,Sacramento State,Sacramento State Hornets,SAC,https://a.espncdn.com/i/teamlogos/ncaa/500/16.png,00573C,cdb97d,83
401808500,2026,2,2026-03-02 00:00:00+00:00,2026-03-02 22:00:00-05:00,5313173,Caleb Van De Griend,304,Bengals,Idaho State,Idaho St,15.0,2,5,0,1,1,2,1,3,4,0,1,0,0,3,5,False,False,False,False,24,C. Van De Griend,,Forward,F,Idaho State Bengals,s:40~l:41~t:304,idaho-state-bengals,https://a.espncdn.com/i/teamlogos/ncaa/500/304.png,IDST,ef8c00,e9a126,away,False,65,16,Hornets,Sacramento State,Sacramento State Hornets,SAC,https://a.espncdn.com/i/teamlogos/ncaa/500/16.png,00573C,cdb97d,83
401808500,2026,2,2026-03-02 00:00:00+00:00,2026-03-02 22:00:00-05:00,5241286,Blake Daberkow,304,Bengals,Idaho State,Idaho St,22.0,2,6,0,0,3,4,2,4,6,2,1,0,1,4,7,False,False,False,True,32,B. Daberkow,https://a.espncdn.com/i/headshots/mens-college-basketball/players/full/5241286.png,Forward,F,Idaho State Bengals,s:40~l:41~t:304,idaho-state-bengals,https://a.espncdn.com/i/teamlogos/ncaa/500/304.png,IDST,ef8c00,e9a126,away,False,65,16,Hornets,Sacramento State,Sacramento State Hornets,SAC,https://a.espncdn.com/i/teamlogos/ncaa/500/16.png,00573C,cdb97d,83
401808500,2026,2,2026-03-02 00:00:00+00:00,2026-03-02 22:00:00-05:00,4898348,Gus Etchison,304,Bengals,Idaho State,Idaho St,16.0,3,9,1,5,0,0,0,1,1,1,1,0,3,1,7,False,False,False,False,0,G. Etchison,https://a.espncdn.com/i/headshots/mens-college-basketball/players/full/4898348.png,Point Guard,PG,Idaho State Bengals,s:40~l:41~t:304,idaho-state-bengals,https://a.espncdn.com/i/teamlogos/ncaa/500/304.png,IDST,ef8c00,e9a126,away,False,65,16,Hornets,Sacramento State,Sacramento State Hornets,SAC,https://a.espncdn.com/i/teamlogos/ncaa/500/16.png,00573C,cdb97d,83
401808500,2026,2,2026-03-02 00:00:00+00:00,2026-03-02 22:00:00-05:00,5313172,Kasen Carpenter,304,Bengals,Idaho State,Idaho St,1.0,0,0,0,0,0,0,0,0,0,0,0,0,0,0,0,False,False,False,True,14,K. Carpenter,https://a.espncdn.com/i/headshots/mens-college-basketball/players/full/5313172.png,Guard,G,Idaho State Bengals,s:40~l:41~t:304,idaho-state-bengals,https://a.espncdn.com/i/teamlogos/ncaa/500/304.png,IDST,ef8c00,e9a126,away,False,65,16,Hornets,Sacramento State,Sacramento State Hornets,SAC,https://a.espncdn.com/i/teamlogos/ncaa/500/16.png,00573C,cdb97d,83
401808500,2026,2,2026-03-02 00:00:00+00:00,2026-03-02 22:00:00-05:00,5313171,Louis Bond,304,Bengals,Idaho State,Idaho St,24.0,6,10,2,5,1,3,1,4,5,1,0,1,1,1,15,False,False,False,True,13,L. Bond,https://a.espncdn.com/i/headshots/mens-college-basketball/players/full/5313171.png,Guard,G,Idaho State Bengals,s:40~l:41~t:304,idaho-state-bengals,https://a.espncdn.com/i/teamlogos/ncaa/500/304.png,IDST,ef8c00,e9a126,away,False,65,16,Hornets,Sacramento State,Sacramento State Hornets,SAC,https://a.espncdn.com/i/teamlogos/ncaa/500/16.png,00573C,cdb97d,83
401808500,2026,2,2026-03-02 00:00:00+00:00,2026-03-02 22:00:00-05:00,5313167,Landen Birley,304,Bengals,Idaho State,Idaho St,2.0,0,0,0,0,0,0,0,0,0,0,0,0,0,0,0,False,False,False,True,3,L. Birley,https://a.espncdn.com/i/headshots/mens-college-basketball/players/full/5313167.png,Guard,G,Idaho State Bengals,s:40~l:41~t:304,idaho-state-bengals,https://a.espncdn.com/i/teamlogos/ncaa/500/304.png,IDST,ef8c00,e9a126,away,False,65,16,Hornets,Sacramento State,Sacramento State Hornets,SAC,https://a.espncdn.com/i/teamlogos/ncaa/500/16.png,00573C,cdb97d,83
401808500,2026,2,2026-03-02 00:00:00+00:00,2026-03-02 22:00:00-05:00,5241282,Cheikh Sow,304,Bengals,Idaho State,Idaho St,11.0,0,1,0,1,0,0,0,2,2,0,0,0,0,1,0,False,False,False,False,5,C. Sow,https://a.espncdn.com/i/headshots/mens-college-basketball/players/full/5241282.png,Guard,G,Idaho State Bengals,s:40~l:41~t:304,idaho-state-bengals,https://a.espncdn.com/i/teamlogos/ncaa/500/304.png,IDST,ef8c00,e9a126,away,False,65,16,Hornets,Sacramento State,Sacramento State Hornets,SAC,https://a.espncdn.com/i/teamlogos/ncaa/500/16.png,00573C,cdb97d,83
401808500,2026,2,2026-03-02 00:00:00+00:00,2026-03-02 22:00:00-05:00,5107151,Quin Patterson,304,Bengals,Idaho State,Idaho St,8.0,1,3,1,3,2,2,1,1,2,0,0,0,0,0,5,False,False,False,True,21,Q. Patterson,https://a.espncdn.com/i/headshots/mens-college-basketball/players/full/5107151.png,Guard,G,Idaho State Bengals,s:40~l:41~t:304,idaho-state-bengals,https://a.espncdn.com/i/teamlogos/ncaa/500/304.png,IDST,ef8c00,e9a126,away,False,65,16,Hornets,Sacramento State,Sacramento State Hornets,SAC,https://a.espncdn.com/i/teamlogos/ncaa/500/16.png,00573C,cdb97d,83
401808500,2026,2,2026-03-02 00:00:00+00:00,2026-03-02 22:00:00-05:00,5313168,Trey Arland,304,Bengals,Idaho State,Idaho St,,,,,,,,,,,,,,,,,False,False,True,False,8,T. Arland,https://a.espncdn.com/i/headshots/mens-college-basketball/players/full/5313168.png,Guard,G,Idaho State Bengals,s:40~l:41~t:304,idaho-state-bengals,https://a.espncdn.com/i/teamlogos/ncaa/500/304.png,IDST,ef8c00,e9a126,away,False,65,16,Hornets,Sacramento State,Sacramento State Hornets,SAC,https://a.espncdn.com/i/teamlogos/ncaa/500/16.png,00573C,cdb97d,83
401808500,2026,2,2026-03-02 00:00:00+00:00,2026-03-02 22:00:00-05:00,5176319,Jaedyn Brown,304,Bengals,Idaho State,Idaho St,,,,,,,,,,,,,,,,,False,False,True,False,4,J. Brown,https://a.espncdn.com/i/headshots/mens-college-basketball/players/full/5176319.png,Guard,G,Idaho State Bengals,s:40~l:41~t:304,idaho-state-bengals,https://a.espncdn.com/i/teamlogos/ncaa/500/304.png,IDST,ef8c00,e9a126,away,False,65,16,Hornets,Sacramento State,Sacramento State Hornets,SAC,https://a.espncdn.com/i/teamlogos/ncaa/500/16.png,00573C,cdb97d,83
401808500,2026,2,2026-03-02 00:00:00+00:00,2026-03-02 22:00:00-05:00,5313277,Mark Lavrenov,16,Hornets,Sacramento State,Sacramento St,33.0,6,11,2,3,5,6,0,2,2,1,2,1,2,4,19,True,False,False,True,32,M. Lavrenov,https://a.espncdn.com/i/headshots/mens-college-basketball/players/full/5313277.png,Forward,F,Sacramento State Hornets,s:40~l:41~t:16,sacramento-state-hornets,https://a.espncdn.com/i/teamlogos/ncaa/500/16.png,SAC,00573C,cdb97d,home,True,83,304,Bengals,Idaho State,Idaho State Bengals,IDST,https://a.espncdn.com/i/teamlogos/ncaa/500/304.png,ef8c00,e9a126,65
401808500,2026,2,2026-03-02 00:00:00+00:00,2026-03-02 22:00:00-05:00,4684156,Shaqir O'Neal,16,Hornets,Sacramento State,Sacramento St,23.0,2,5,1,2,2,3,0,4,4,2,0,0,1,3,7,True,False,False,True,8,S. O'Neal,https://a.espncdn.com/i/headshots/mens-college-basketball/players/full/4684156.png,Forward,F,Sacramento State Hornets,s:40~l:41~t:16,sacramento-state-hornets,https://a.espncdn.com/i/teamlogos/ncaa/500/16.png,SAC,00573C,cdb97d,home,True,83,304,Bengals,Idaho State,Idaho State Bengals,IDST,https://a.espncdn.com/i/teamlogos/ncaa/500/304.png,ef8c00,e9a126,65
401808500,2026,2,2026-03-02 00:00:00+00:00,2026-03-02 22:00:00-05:00,5241384,Jahni Summers,16,Hornets,Sacramento State,Sacramento St,27.0,5,7,2,3,0,0,0,1,1,0,0,0,3,3,12,True,False,False,True,4,J. Summers,https://a.espncdn.com/i/headshots/mens-college-basketball/players/full/5241384.png,Guard,G,Sacramento State Hornets,s:40~l:41~t:16,sacramento-state-hornets,https://a.espncdn.com/i/teamlogos/ncaa/500/16.png,SAC,00573C,cdb97d,home,True,83,304,Bengals,Idaho State,Idaho State Bengals,IDST,https://a.espncdn.com/i/teamlogos/ncaa/500/304.png,ef8c00,e9a126,65
401808500,2026,2,2026-03-02 00:00:00+00:00,2026-03-02 22:00:00-05:00,5177722,Prophet Johnson,16,Hornets,Sacramento State,Sacramento St,40.0,6,14,1,4,7,9,4,6,10,4,1,1,1,3,20,True,False,False,True,16,P. Johnson,https://a.espncdn.com/i/headshots/mens-college-basketball/players/full/5177722.png,Guard,G,Sacramento State Hornets,s:40~l:41~t:16,sacramento-state-hornets,https://a.espncdn.com/i/teamlogos/ncaa/500/16.png,SAC,00573C,cdb97d,home,True,83,304,Bengals,Idaho State,Idaho State Bengals,IDST,https://a.espncdn.com/i/teamlogos/ncaa/500/304.png,ef8c00,e9a126,65
401808500,2026,2,2026-03-02 00:00:00+00:00,2026-03-02 22:00:00-05:00,5175391,Arman Madi,16,Hornets,Sacramento State,Sacramento St,38.0,5,9,1,3,2,3,0,11,11,7,1,2,0,1,13,True,False,False,True,23,A. Madi,https://a.espncdn.com/i/headshots/mens-college-basketball/players/full/5175391.png,Guard,G,Sacramento State Hornets,s:40~l:41~t:16,sacramento-state-hornets,https://a.espncdn.com/i/teamlogos/ncaa/500/16.png,SAC,00573C,cdb97d,home,True,83,304,Bengals,Idaho State,Idaho State Bengals,IDST,https://a.espncdn.com/i/teamlogos/ncaa/500/304.png,ef8c00,e9a126,65
401808500,2026,2,2026-03-02 00:00:00+00:00,2026-03-02 22:00:00-05:00,5313274,Romari Robinson,16,Hornets,Sacramento State,Sacramento St,19.0,1,1,0,0,0,0,0,5,5,4,3,0,0,2,2,False,False,False,False,3,R. Robinson,https://a.espncdn.com/i/headshots/mens-college-basketball/players/full/5313274.png,Guard,G,Sacramento State Hornets,s:40~l:41~t:16,sacramento-state-hornets,https://a.espncdn.com/i/teamlogos/ncaa/500/16.png,SAC,00573C,cdb97d,home,True,83,304,Bengals,Idaho State,Idaho State Bengals,IDST,https://a.espncdn.com/i/teamlogos/ncaa/500/304.png,ef8c00,e9a126,65
401808500,2026,2,2026-03-02 00:00:00+00:00,2026-03-02 22:00:00-05:00,5240356,Taj Glover,16,Hornets,Sacramento State,Sacramento St,8.0,1,2,0,1,2,2,0,0,0,2,0,0,0,1,4,False,False,False,False,2,T. Glover,https://a.espncdn.com/i/headshots/mens-college-basketball/players/full/5240356.png,Guard,G,Sacramento State Hornets,s:40~l:41~t:16,sacramento-state-hornets,https://a.espncdn.com/i/teamlogos/ncaa/500/16.png,SAC,00573C,cdb97d,home,True,83,304,Bengals,Idaho State,Idaho State Bengals,IDST,https://a.espncdn.com/i/teamlogos/ncaa/500/304.png,ef8c00,e9a126,65
401808500,2026,2,2026-03-02 00:00:00+00:00,2026-03-02 22:00:00-05:00,5174976,Jayden Teat,16,Hornets,Sacramento State,Sacramento St,12.0,3,5,0,2,0,0,0,0,0,1,0,0,2,2,6,False,False,False,False,5,J. Teat,https://a.espncdn.com/i/headshots/mens-college-basketball/players/full/5174976.png,Guard,G,Sacramento State Hornets,s:40~l:41~t:16,sacramento-state-hornets,https://a.espncdn.com/i/teamlogos/ncaa/500/16.png,SAC,00573C,cdb97d,home,True,83,304,Bengals,Idaho State,Idaho State Bengals,IDST,https://a.espncdn.com/i/teamlogos/ncaa/500/304.png,ef8c00,e9a126,65
401808500,2026,2,2026-03-02 00:00:00+00:00,2026-03-02 22:00:00-05:00,5241260,Jeremiah Cherry,16,Hornets,Sacramento State,Sacramento St,,,,,,,,,,,,,,,,,False,False,True,False,9,J. Cherry,https://a.espncdn.com/i/headshots/mens-college-basketball/players/full/5241260.png,Forward,F,Sacramento State Hornets,s:40~l:41~t:16,sacramento-state-hornets,https://a.espncdn.com/i/teamlogos/ncaa/500/16.png,SAC,00573C,cdb97d,home,True,83,304,Bengals,Idaho State,Idaho State Bengals,IDST,https://a.espncdn.com/i/teamlogos/ncaa/500/304.png,ef8c00,e9a126,65
401808500,2026,2,2026-03-02 00:00:00+00:00,2026-03-02 22:00:00-05:00,4712865,Jeremiah Nyarko,16,Hornets,Sacramento State,Sacramento St,,,,,,,,,,,,,,,,,False,False,True,False,34,J. Nyarko,https://a.espncdn.com/i/headshots/mens-college-basketball/players/full/4712865.png,Forward,F,Sacramento State Hornets,s:40~l:41~t:16,sacramento-state-hornets,https://a.espncdn.com/i/teamlogos/ncaa/500/16.png,SAC,00573C,cdb97d,home,True,83,304,Bengals,Idaho State,Idaho State Bengals,IDST,https://a.espncdn.com/i/teamlogos/ncaa/500/304.png,ef8c00,e9a126,65
401808500,2026,2,2026-03-02 00:00:00+00:00,2026-03-02 22:00:00-05:00,4711296,Brandon Gardner,16,Hornets,Sacramento State,Sacramento St,,,,,,,,,,,,,,,,,False,False,True,False,0,B. Gardner,https://a.espncdn.com/i/headshots/mens-college-basketball/players/full/4711296.png,Forward,F,Sacramento State Hornets,s:40~l:41~t:16,sacramento-state-hornets,https://a.espncdn.com/i/teamlogos/ncaa/500/16.png,SAC,00573C,cdb97d,home,True,83,304,Bengals,Idaho State,Idaho State Bengals,IDST,https://a.espncdn.com/i/teamlogos/ncaa/500/304.png,ef8c00,e9a126,65
401808500,2026,2,2026-03-02 00:00:00+00:00,2026-03-02 22:00:00-05:00,5119013,Davis Ambuehl,16,Hornets,Sacramento State,Sacramento St,,,,,,,,,,,,,,,,,False,False,True,False,22,D. Ambuehl,,Center,C,Sacramento State Hornets,s:40~l:41~t:16,sacramento-state-hornets,https://a.espncdn.com/i/teamlogos/ncaa/500/16.png,SAC,00573C,cdb97d,home,True,83,304,Bengals,Idaho State,Idaho State Bengals,IDST,https://a.espncdn.com/i/teamlogos/ncaa/500/304.png,ef8c00,e9a126,65
401808500,2026,2,2026-03-02 00:00:00+00:00,2026-03-02 22:00:00-05:00,5313276,Isaiah Bronson,16,Hornets,Sacramento State,Sacramento St,,,,,,,,,,,,,,,,,False,False,True,False,13,I. Bronson,https://a.espncdn.com/i/headshots/mens-college-basketball/players/full/5313276.png,Guard,G,Sacramento State Hornets,s:40~l:41~t:16,sacramento-state-hornets,https://a.espncdn.com/i/teamlogos/ncaa/500/16.png,SAC,00573C,cdb97d,home,True,83,304,Bengals,Idaho State,Idaho State Bengals,IDST,https://a.espncdn.com/i/teamlogos/ncaa/500/304.png,ef8c00,e9a126,65
401808500,2026,2,2026-03-02 00:00:00+00:00,2026-03-02 22:00:00-05:00,5313275,Zach Anderson,16,Hornets,Sacramento State,Sacramento St,,,,,,,,,,,,,,,,,False,False,True,False,7,Z. Anderson,https://a.espncdn.com/i/headshots/mens-college-basketball/players/full/5313275.png,Guard,G,Sacramento State Hornets,s:40~l:41~t:16,sacramento-state-hornets,https://a.espncdn.com/i/teamlogos/ncaa/500/16.png,SAC,00573C,cdb97d,home,True,83,304,Bengals,Idaho State,Idaho State Bengals,IDST,https://a.espncdn.com/i/teamlogos/ncaa/500/304.png,ef8c00,e9a126,65
401808500,2026,2,2026-03-02 00:00:00+00:00,2026-03-02 22:00:00-05:00,4683786,Mikey Williams,16,Hornets,Sacramento State,Sacramento St,,,,,,,,,,,,,,,,,False,False,True,False,1,M. Williams,https://a.espncdn.com/i/headshots/mens-college-basketball/players/full/4683786.png,Guard,G,Sacramento State Hornets,s:40~l:41~t:16,sacramento-state-hornets,https://a.espncdn.com/i/teamlogos/ncaa/500/16.png,SAC,00573C,cdb97d,home,True,83,304,Bengals,Idaho State,Idaho State Bengals,IDST,https://a.espncdn.com/i/teamlogos/ncaa/500/304.png,ef8c00,e9a126,65
401820821,2026,2,2026-03-02 00:00:00+00:00,2026-03-02 21:00:00-05:00,5079838,Blake Buchanan,66,Cyclones,Iowa State,Iowa State,23.0,2,4,0,0,0,0,6,1,7,2,1,1,1,3,4,True,False,False,False,23,B. Buchanan,https://a.espncdn.com/i/headshots/mens-college-basketball/players/full/5079838.png,Forward,F,Iowa State Cyclones,s:40~l:41~t:66,iowa-state-cyclones,https://a.espncdn.com/i/teamlogos/ncaa/500/66.png,ISU,ae192d,ffc72a,away,False,57,12,Wildcats,Arizona,Arizona Wildcats,ARIZ,https://a.espncdn.com/i/teamlogos/ncaa/500/12.png,cc0033,003366,73
401820821,2026,2,2026-03-02 00:00:00+00:00,2026-03-02 21:00:00-05:00,4870564,Joshua Jefferson,66,Cyclones,Iowa State,Iowa State,28.0,2,17,0,5,8,8,3,5,8,2,2,1,4,4,12,True,False,False,False,5,J. Jefferson,https://a.espncdn.com/i/headshots/mens-college-basketball/players/full/4870564.png,Forward,F,Iowa State Cyclones,s:40~l:41~t:66,iowa-state-cyclones,https://a.espncdn.com/i/teamlogos/ncaa/500/66.png,ISU,ae192d,ffc72a,away,False,57,12,Wildcats,Arizona,Arizona Wildcats,ARIZ,https://a.espncdn.com/i/teamlogos/ncaa/500/12.png,cc0033,003366,73
401820821,2026,2,2026-03-02 00:00:00+00:00,2026-03-02 21:00:00-05:00,4848637,Milan Momcilovic,66,Cyclones,Iowa State,Iowa State,33.0,2,8,1,5,0,0,0,2,2,0,1,0,1,0,5,True,False,False,False,22,M. Momcilovic,https://a.espncdn.com/i/headshots/mens-college-basketball/players/full/4848637.png,Forward,F,Iowa State Cyclones,s:40~l:41~t:66,iowa-state-cyclones,https://a.espncdn.com/i/teamlogos/ncaa/500/66.png,ISU,ae192d,ffc72a,away,False,57,12,Wildcats,Arizona,Arizona Wildcats,ARIZ,https://a.espncdn.com/i/teamlogos/ncaa/500/12.png,cc0033,003366,73
401820821,2026,2,2026-03-02 00:00:00+00:00,2026-03-02 21:00:00-05:00,5248302,Killyan Toure,66,Cyclones,Iowa State,Iowa State,18.0,1,3,0,2,0,0,0,0,0,0,1,0,1,3,2,True,False,False,True,27,K. Toure,https://a.espncdn.com/i/headshots/mens-college-basketball/players/full/5248302.png,Guard,G,Iowa State Cyclones,s:40~l:41~t:66,iowa-state-cyclones,https://a.espncdn.com/i/teamlogos/ncaa/500/66.png,ISU,ae192d,ffc72a,away,False,57,12,Wildcats,Arizona,Arizona Wildcats,ARIZ,https://a.espncdn.com/i/teamlogos/ncaa/500/12.png,cc0033,003366,73
401820821,2026,2,2026-03-02 00:00:00+00:00,2026-03-02 21:00:00-05:00,5106254,Tamin Lipsey,66,Cyclones,Iowa State,Iowa State,32.0,6,15,2,7,3,3,2,4,6,2,1,0,4,4,17,True,False,False,False,3,T. Lipsey,https://a.espncdn.com/i/headshots/mens-college-basketball/players/full/5106254.png,Guard,G,Iowa State Cyclones,s:40~l:41~t:66,iowa-state-cyclones,https://a.espncdn.com/i/teamlogos/ncaa/500/66.png,ISU,ae192d,ffc72a,away,False,57,12,Wildcats,Arizona,Arizona Wildcats,ARIZ,https://a.espncdn.com/i/teamlogos/ncaa/500/12.png,cc0033,003366,73
401820821,2026,2,2026-03-02 00:00:00+00:00,2026-03-02 21:00:00-05:00,5281369,Dominykas Pleta,66,Cyclones,Iowa State,Iowa State,11.0,0,0,0,0,0,0,2,2,4,2,0,0,0,3,0,False,False,False,False,21,D. Pleta,https://a.espncdn.com/i/headshots/mens-college-basketball/players/full/5281369.png,Forward,F,Iowa State Cyclones,s:40~l:41~t:66,iowa-state-cyclones,https://a.espncdn.com/i/teamlogos/ncaa/500/66.png,ISU,ae192d,ffc72a,away,False,57,12,Wildcats,Arizona,Arizona Wildcats,ARIZ,https://a.espncdn.com/i/teamlogos/ncaa/500/12.png,cc0033,003366,73
401820821,2026,2,2026-03-02 00:00:00+00:00,2026-03-02 21:00:00-05:00,5106790,Eric Mulder,66,Cyclones,Iowa State,Iowa State,2.0,0,0,0,0,0,0,0,0,0,0,0,0,0,1,0,False,False,False,True,4,E. Mulder,https://a.espncdn.com/i/headshots/mens-college-basketball/players/full/5106790.png,Forward,F,Iowa State Cyclones,s:40~l:41~t:66,iowa-state-cyclones,https://a.espncdn.com/i/teamlogos/ncaa/500/66.png,ISU,ae192d,ffc72a,away,False,57,12,Wildcats,Arizona,Arizona Wildcats,ARIZ,https://a.espncdn.com/i/teamlogos/ncaa/500/12.png,cc0033,003366,73
401820821,2026,2,2026-03-02 00:00:00+00:00,2026-03-02 21:00:00-05:00,5241380,Dominick Nelson,66,Cyclones,Iowa State,Iowa State,1.0,1,1,0,0,1,2,0,0,0,0,1,0,0,0,3,False,False,False,True,11,D. Nelson,https://a.espncdn.com/i/headshots/mens-college-basketball/players/full/5241380.png,Guard,G,Iowa State Cyclones,s:40~l:41~t:66,iowa-state-cyclones,https://a.espncdn.com/i/teamlogos/ncaa/500/66.png,ISU,ae192d,ffc72a,away,False,57,12,Wildcats,Arizona,Arizona Wildcats,ARIZ,https://a.espncdn.com/i/teamlogos/ncaa/500/12.png,cc0033,003366,73
401820821,2026,2,2026-03-02 00:00:00+00:00,2026-03-02 21:00:00-05:00,5217196,Jamarion Batemon,66,Cyclones,Iowa State,Iowa State,27.0,5,14,4,10,0,0,0,0,0,1,0,0,0,2,14,False,False,False,True,1,J. Batemon,https://a.espncdn.com/i/headshots/mens-college-basketball/players/full/5217196.png,Guard,G,Iowa State Cyclones,s:40~l:41~t:66,iowa-state-cyclones,https://a.espncdn.com/i/teamlogos/ncaa/500/66.png,ISU,ae192d,ffc72a,away,False,57,12,Wildcats,Arizona,Arizona Wildcats,ARIZ,https://a.espncdn.com/i/teamlogos/ncaa/500/12.png,cc0033,003366,73
401820821,2026,2,2026-03-02 00:00:00+00:00,2026-03-02 21:00:00-05:00,5175036,Cade Kelderman,66,Cyclones,Iowa State,Iowa State,1.0,0,0,0,0,0,0,0,0,0,0,0,0,0,0,0,False,False,False,True,13,C. Kelderman,https://a.espncdn.com/i/headshots/mens-college-basketball/players/full/5175036.png,Guard,G,Iowa State Cyclones,s:40~l:41~t:66,iowa-state-cyclones,https://a.espncdn.com/i/teamlogos/ncaa/500/66.png,ISU,ae192d,ffc72a,away,False,57,12,Wildcats,Arizona,Arizona Wildcats,ARIZ,https://a.espncdn.com/i/teamlogos/ncaa/500/12.png,cc0033,003366,73
401820821,2026,2,2026-03-02 00:00:00+00:00,2026-03-02 21:00:00-05:00,4703912,Nate Heise,66,Cyclones,Iowa State,Iowa State,24.0,0,3,0,1,0,0,2,3,5,1,1,0,0,0,0,False,False,False,False,0,N. Heise,https://a.espncdn.com/i/headshots/mens-college-basketball/players/full/4703912.png,Guard,G,Iowa State Cyclones,s:40~l:41~t:66,iowa-state-cyclones,https://a.espncdn.com/i/teamlogos/ncaa/500/66.png,ISU,ae192d,ffc72a,away,False,57,12,Wildcats,Arizona,Arizona Wildcats,ARIZ,https://a.espncdn.com/i/teamlogos/ncaa/500/12.png,cc0033,003366,73
401820821,2026,2,2026-03-02 00:00:00+00:00,2026-03-02 21:00:00-05:00,5101856,Xzavion Mitchell,66,Cyclones,Iowa State,Iowa State,,,,,,,,,,,,,,,,,False,False,True,False,55,X. Mitchell,https://a.espncdn.com/i/headshots/mens-college-basketball/players/full/5101856.png,Forward,F,Iowa State Cyclones,s:40~l:41~t:66,iowa-state-cyclones,https://a.espncdn.com/i/teamlogos/ncaa/500/66.png,ISU,ae192d,ffc72a,away,False,57,12,Wildcats,Arizona,Arizona Wildcats,ARIZ,https://a.espncdn.com/i/teamlogos/ncaa/500/12.png,cc0033,003366,73
401820821,2026,2,2026-03-02 00:00:00+00:00,2026-03-02 21:00:00-05:00,5311915,Anthony Rise,66,Cyclones,Iowa State,Iowa State,,,,,,,,,,,,,,,,,False,False,True,False,7,A. Rise,https://a.espncdn.com/i/headshots/mens-college-basketball/players/full/5311915.png,Guard,G,Iowa State Cyclones,s:40~l:41~t:66,iowa-state-cyclones,https://a.espncdn.com/i/teamlogos/ncaa/500/66.png,ISU,ae192d,ffc72a,away,False,57,12,Wildcats,Arizona,Arizona Wildcats,ARIZ,https://a.espncdn.com/i/teamlogos/ncaa/500/12.png,cc0033,003366,73
401820821,2026,2,2026-03-02 00:00:00+00:00,2026-03-02 21:00:00-05:00,5175370,Mason Williams,66,Cyclones,Iowa State,Iowa State,,,,,,,,,,,,,,,,,False,False,True,False,2,M. Williams,https://a.espncdn.com/i/headshots/mens-college-basketball/players/full/5175370.png,Guard,G,Iowa State Cyclones,s:40~l:41~t:66,iowa-state-cyclones,https://a.espncdn.com/i/teamlogos/ncaa/500/66.png,ISU,ae192d,ffc72a,away,False,57,12,Wildcats,Arizona,Arizona Wildcats,ARIZ,https://a.espncdn.com/i/teamlogos/ncaa/500/12.png,cc0033,003366,73
401820821,2026,2,2026-03-02 00:00:00+00:00,2026-03-02 21:00:00-05:00,5311896,Ivan Kharchenkov,12,Wildcats,Arizona,Arizona,20.0,0,4,0,3,0,0,0,4,4,0,2,0,4,1,0,True,False,False,False,8,I. Kharchenkov,https://a.espncdn.com/i/headshots/mens-college-basketball/players/full/5311896.png,Forward,F,Arizona Wildcats,s:40~l:41~t:12,arizona-wildcats,https://a.espncdn.com/i/teamlogos/ncaa/500/12.png,ARIZ,cc0033,003366,home,True,73,66,Cyclones,Iowa State,Iowa State Cyclones,ISU,https://a.espncdn.com/i/teamlogos/ncaa/500/66.png,ae192d,ffc72a,57
401820821,2026,2,2026-03-02 00:00:00+00:00,2026-03-02 21:00:00-05:00,5041953,Koa Peat,12,Wildcats,Arizona,Arizona,29.0,2,6,0,0,0,2,2,2,4,3,1,3,1,2,4,True,False,False,False,10,K. Peat,https://a.espncdn.com/i/headshots/mens-college-basketball/players/full/5041953.png,Forward,F,Arizona Wildcats,s:40~l:41~t:12,arizona-wildcats,https://a.espncdn.com/i/teamlogos/ncaa/500/12.png,ARIZ,cc0033,003366,home,True,73,66,Cyclones,Iowa State,Iowa State Cyclones,ISU,https://a.espncdn.com/i/teamlogos/ncaa/500/66.png,ae192d,ffc72a,57
401820821,2026,2,2026-03-02 00:00:00+00:00,2026-03-02 21:00:00-05:00,5174954,Motiejus Krivas,12,Wildcats,Arizona,Arizona,24.0,3,4,1,1,6,6,1,2,3,0,0,1,1,3,13,True,False,False,False,13,M. Krivas,https://a.espncdn.com/i/headshots/mens-college-basketball/players/full/5174954.png,Center,C,Arizona Wildcats,s:40~l:41~t:12,arizona-wildcats,https://a.espncdn.com/i/teamlogos/ncaa/500/12.png,ARIZ,cc0033,003366,home,True,73,66,Cyclones,Iowa State,Iowa State Cyclones,ISU,https://a.espncdn.com/i/teamlogos/ncaa/500/66.png,ae192d,ffc72a,57
401820821,2026,2,2026-03-02 00:00:00+00:00,2026-03-02 21:00:00-05:00,5082206,Brayden Burries,12,Wildcats,Arizona,Arizona,24.0,4,9,1,5,2,2,1,5,6,3,0,0,3,1,11,True,False,False,False,5,B. Burries,https://a.espncdn.com/i/headshots/mens-college-basketball/players/full/5082206.png,Guard,G,Arizona Wildcats,s:40~l:41~t:12,arizona-wildcats,https://a.espncdn.com/i/teamlogos/ncaa/500/12.png,ARIZ,cc0033,003366,home,True,73,66,Cyclones,Iowa State,Iowa State Cyclones,ISU,https://a.espncdn.com/i/teamlogos/ncaa/500/66.png,ae192d,ffc72a,57
401820821,2026,2,2026-03-02 00:00:00+00:00,2026-03-02 21:00:00-05:00,4432737,Jaden Bradley,12,Wildcats,Arizona,Arizona,36.0,4,10,0,1,9,10,0,4,4,2,3,0,3,1,17,True,False,False,False,0,J. Bradley,https://a.espncdn.com/i/headshots/mens-college-basketball/players/full/4432737.png,Guard,G,Arizona Wildcats,s:40~l:41~t:12,arizona-wildcats,https://a.espncdn.com/i/teamlogos/ncaa/500/12.png,ARIZ,cc0033,003366,home,True,73,66,Cyclones,Iowa State,Iowa State Cyclones,ISU,https://a.espncdn.com/i/teamlogos/ncaa/500/66.png,ae192d,ffc72a,57
401820821,2026,2,2026-03-02 00:00:00+00:00,2026-03-02 21:00:00-05:00,5311897,Sidi Gueye,12,Wildcats,Arizona,Arizona,1.0,0,0,0,0,0,0,0,0,0,1,0,0,0,0,0,False,False,False,True,15,S. Gueye,https://a.espncdn.com/i/headshots/mens-college-basketball/players/full/5311897.png,Forward,F,Arizona Wildcats,s:40~l:41~t:12,arizona-wildcats,https://a.espncdn.com/i/teamlogos/ncaa/500/12.png,ARIZ,cc0033,003366,home,True,73,66,Cyclones,Iowa State,Iowa State Cyclones,ISU,https://a.espncdn.com/i/teamlogos/ncaa/500/66.png,ae192d,ffc72a,57
401820821,2026,2,2026-03-02 00:00:00+00:00,2026-03-02 21:00:00-05:00,5186456,Dwayne Aristode,12,Wildcats,Arizona,Arizona,16.0,3,6,2,3,0,0,1,0,1,0,1,0,0,3,8,False,False,False,False,2,D. Aristode,https://a.espncdn.com/i/headshots/mens-college-basketball/players/full/5186456.png,Forward,F,Arizona Wildcats,s:40~l:41~t:12,arizona-wildcats,https://a.espncdn.com/i/teamlogos/ncaa/500/12.png,ARIZ,cc0033,003366,home,True,73,66,Cyclones,Iowa State,Iowa State Cyclones,ISU,https://a.espncdn.com/i/teamlogos/ncaa/500/66.png,ae192d,ffc72a,57
401820821,2026,2,2026-03-02 00:00:00+00:00,2026-03-02 21:00:00-05:00,5105555,Tobe Awaka,12,Wildcats,Arizona,Arizona,25.0,2,2,0,0,6,6,4,11,15,1,1,2,0,1,10,False,False,False,False,30,T. Awaka,https://a.espncdn.com/i/headshots/mens-college-basketball/players/full/5105555.png,Forward,F,Arizona Wildcats,s:40~l:41~t:12,arizona-wildcats,https://a.espncdn.com/i/teamlogos/ncaa/500/12.png,ARIZ,cc0033,003366,home,True,73,66,Cyclones,Iowa State,Iowa State Cyclones,ISU,https://a.espncdn.com/i/teamlogos/ncaa/500/66.png,ae192d,ffc72a,57
401820821,2026,2,2026-03-02 00:00:00+00:00,2026-03-02 21:00:00-05:00,5239487,Sven Djopmo,12,Wildcats,Arizona,Arizona,1.0,0,0,0,0,0,0,0,0,0,0,0,0,0,1,0,False,False,False,True,42,S. Djopmo,https://a.espncdn.com/i/headshots/mens-college-basketball/players/full/5239487.png,Guard,G,Arizona Wildcats,s:40~l:41~t:12,arizona-wildcats,https://a.espncdn.com/i/teamlogos/ncaa/500/12.png,ARIZ,cc0033,003366,home,True,73,66,Cyclones,Iowa State,Iowa State Cyclones,ISU,https://a.espncdn.com/i/teamlogos/ncaa/500/66.png,ae192d,ffc72a,57
401820821,2026,2,2026-03-02 00:00:00+00:00,2026-03-02 21:00:00-05:00,5108141,Anthony Dell'Orso,12,Wildcats,Arizona,Arizona,21.0,3,6,2,5,0,0,0,2,2,4,0,0,1,1,8,False,False,False,False,3,A. Dell'Orso,https://a.espncdn.com/i/headshots/mens-college-basketball/players/full/5108141.png,Guard,G,Arizona Wildcats,s:40~l:41~t:12,arizona-wildcats,https://a.espncdn.com/i/teamlogos/ncaa/500/12.png,ARIZ,cc0033,003366,home,True,73,66,Cyclones,Iowa State,Iowa State Cyclones,ISU,https://a.espncdn.com/i/teamlogos/ncaa/500/66.png,ae192d,ffc72a,57
401820821,2026,2,2026-03-02 00:00:00+00:00,2026-03-02 21:00:00-05:00,5105542,Jackson Francois,12,Wildcats,Arizona,Arizona,1.0,0,0,0,0,0,0,0,0,0,0,0,0,1,0,0,False,False,False,True,7,J. Francois,https://a.espncdn.com/i/headshots/mens-college-basketball/players/full/5105542.png,Guard,G,Arizona Wildcats,s:40~l:41~t:12,arizona-wildcats,https://a.espncdn.com/i/teamlogos/ncaa/500/12.png,ARIZ,cc0033,003366,home,True,73,66,Cyclones,Iowa State,Iowa State Cyclones,ISU,https://a.espncdn.com/i/teamlogos/ncaa/500/66.png,ae192d,ffc72a,57
401820821,2026,2,2026-03-02 00:00:00+00:00,2026-03-02 21:00:00-05:00,4896359,Addison Arnold,12,Wildcats,Arizona,Arizona,1.0,1,1,0,0,0,0,0,0,0,0,0,0,0,0,2,False,False,False,True,22,A. Arnold,https://a.espncdn.com/i/headshots/mens-college-basketball/players/full/4896359.png,Guard,G,Arizona Wildcats,s:40~l:41~t:12,arizona-wildcats,https://a.espncdn.com/i/teamlogos/ncaa/500/12.png,ARIZ,cc0033,003366,home,True,73,66,Cyclones,Iowa State,Iowa State Cyclones,ISU,https://a.espncdn.com/i/teamlogos/ncaa/500/66.png,ae192d,ffc72a,57
401820821,2026,2,2026-03-02 00:00:00+00:00,2026-03-02 21:00:00-05:00,4702960,Evan Nelson,12,Wildcats,Arizona,Arizona,1.0,0,0,0,0,0,0,0,0,0,0,0,0,0,0,0,False,False,False,True,21,E. Nelson,https://a.espncdn.com/i/headshots/mens-college-basketball/players/full/4702960.png,Guard,G,Arizona Wildcats,s:40~l:41~t:12,arizona-wildcats,https://a.espncdn.com/i/teamlogos/ncaa/500/12.png,ARIZ,cc0033,003366,home,True,73,66,Cyclones,Iowa State,Iowa State Cyclones,ISU,https://a.espncdn.com/i/teamlogos/ncaa/500/66.png,ae192d,ffc72a,57
401820821,2026,2,2026-03-02 00:00:00+00:00,2026-03-02 21:00:00-05:00,5311898,Mabil Mawut,12,Wildcats,Arizona,Arizona,,,,,,,,,,,,,,,,,False,False,True,False,20,M. Mawut,https://a.espncdn.com/i/headshots/mens-college-basketball/players/full/5311898.png,Forward,F,Arizona Wildcats,s:40~l:41~t:12,arizona-wildcats,https://a.espncdn.com/i/teamlogos/ncaa/500/12.png,ARIZ,cc0033,003366,home,True,73,66,Cyclones,Iowa State,Iowa State Cyclones,ISU,https://a.espncdn.com/i/teamlogos/ncaa/500/66.png,ae192d,ffc72a,57
401820821,2026,2,2026-03-02 00:00:00+00:00,2026-03-02 21:00:00-05:00,5174956,Jackson Cook,12,Wildcats,Arizona,Arizona,,,,,,,,,,,,,,,,,False,False,True,False,11,J. Cook,https://a.espncdn.com/i/headshots/mens-college-basketball/players/full/5174956.png,Guard,G,Arizona Wildcats,s:40~l:41~t:12,arizona-wildcats,https://a.espncdn.com/i/teamlogos/ncaa/500/12.png,ARIZ,cc0033,003366,home,True,73,66,Cyclones,Iowa State,Iowa State Cyclones,ISU,https://a.espncdn.com/i/teamlogos/ncaa/500/66.png,ae192d,ffc72a,57
401820821,2026,2,2026-03-02 00:00:00+00:00,2026-03-02 21:00:00-05:00,5082287,Bryce James,12,Wildcats,Arizona,Arizona,,,,,,,,,,,,,,,,,False,False,True,False,6,B. James,https://a.espncdn.com/i/headshots/mens-college-basketball/players/full/5082287.png,Guard,G,Arizona Wildcats,s:40~l:41~t:12,arizona-wildcats,https://a.espncdn.com/i/teamlogos/ncaa/500/12.png,ARIZ,cc0033,003366,home,True,73,66,Cyclones,Iowa State,Iowa State Cyclones,ISU,https://a.espncdn.com/i/teamlogos/ncaa/500/66.png,ae192d,ffc72a,57
401808470,2026,2,2026-03-02 00:00:00+00:00,2026-03-02 21:00:00-05:00,5237588,Jackson Rasmussen,70,Vandals,Idaho,Idaho,34.0,5,13,1,3,3,4,5,3,8,4,0,1,0,1,14,True,False,False,True,12,J. Rasmussen,https://a.espncdn.com/i/headshots/mens-college-basketball/players/full/5237588.png,Forward,F,Idaho Vandals,s:40~l:41~t:70,idaho-vandals,https://a.espncdn.com/i/teamlogos/ncaa/500/70.png,IDHO,000000,8c6e4a,away,True,85,331,Eagles,Eastern Washington,Eastern Washington Eagles,EWU,https://a.espncdn.com/i/teamlogos/ncaa/500/331.png,a10022,abb4bc,81
401808470,2026,2,2026-03-02 00:00:00+00:00,2026-03-02 21:00:00-05:00,5108917,Brody Rowbury,70,Vandals,Idaho,Idaho,27.0,1,1,0,0,1,3,1,0,1,1,2,1,3,4,3,True,False,False,False,0,B. Rowbury,https://a.espncdn.com/i/headshots/mens-college-basketball/players/full/5108917.png,Forward,F,Idaho Vandals,s:40~l:41~t:70,idaho-vandals,https://a.espncdn.com/i/teamlogos/ncaa/500/70.png,IDHO,000000,8c6e4a,away,True,85,331,Eagles,Eastern Washington,Eastern Washington Eagles,EWU,https://a.espncdn.com/i/teamlogos/ncaa/500/331.png,a10022,abb4bc,81
401808470,2026,2,2026-03-02 00:00:00+00:00,2026-03-02 21:00:00-05:00,5177021,Biko Johnson,70,Vandals,Idaho,Idaho,20.0,4,10,1,3,4,6,0,3,3,4,1,0,1,3,13,True,False,False,True,3,B. Johnson,https://a.espncdn.com/i/headshots/mens-college-basketball/players/full/5177021.png,Guard,G,Idaho Vandals,s:40~l:41~t:70,idaho-vandals,https://a.espncdn.com/i/teamlogos/ncaa/500/70.png,IDHO,000000,8c6e4a,away,True,85,331,Eagles,Eastern Washington,Eastern Washington Eagles,EWU,https://a.espncdn.com/i/teamlogos/ncaa/500/331.png,a10022,abb4bc,81
401808470,2026,2,2026-03-02 00:00:00+00:00,2026-03-02 21:00:00-05:00,5176305,Miles Klapper,70,Vandals,Idaho,Idaho,23.0,2,5,1,3,2,2,0,3,3,0,1,0,2,1,7,True,False,False,True,24,M. Klapper,https://a.espncdn.com/i/headshots/mens-college-basketball/players/full/5176305.png,Guard,G,Idaho Vandals,s:40~l:41~t:70,idaho-vandals,https://a.espncdn.com/i/teamlogos/ncaa/500/70.png,IDHO,000000,8c6e4a,away,True,85,331,Eagles,Eastern Washington,Eastern Washington Eagles,EWU,https://a.espncdn.com/i/teamlogos/ncaa/500/331.png,a10022,abb4bc,81
401808470,2026,2,2026-03-02 00:00:00+00:00,2026-03-02 21:00:00-05:00,5107768,Isaiah Brickner,70,Vandals,Idaho,Idaho,20.0,4,11,3,4,0,0,1,1,2,0,0,0,1,3,11,True,False,False,False,5,I. Brickner,https://a.espncdn.com/i/headshots/mens-college-basketball/players/full/5107768.png,Guard,G,Idaho Vandals,s:40~l:41~t:70,idaho-vandals,https://a.espncdn.com/i/teamlogos/ncaa/500/70.png,IDHO,000000,8c6e4a,away,True,85,331,Eagles,Eastern Washington,Eastern Washington Eagles,EWU,https://a.espncdn.com/i/teamlogos/ncaa/500/331.png,a10022,abb4bc,81
401808470,2026,2,2026-03-02 00:00:00+00:00,2026-03-02 21:00:00-05:00,5241270,Ewan Steele,70,Vandals,Idaho,Idaho,1.0,0,0,0,0,0,0,0,0,0,0,0,0,0,0,0,False,False,False,False,15,E. Steele,https://a.espncdn.com/i/headshots/mens-college-basketball/players/full/5241270.png,Forward,F,Idaho Vandals,s:40~l:41~t:70,idaho-vandals,https://a.espncdn.com/i/teamlogos/ncaa/500/70.png,IDHO,000000,8c6e4a,away,True,85,331,Eagles,Eastern Washington,Eastern Washington Eagles,EWU,https://a.espncdn.com/i/teamlogos/ncaa/500/331.png,a10022,abb4bc,81
401808470,2026,2,2026-03-02 00:00:00+00:00,2026-03-02 21:00:00-05:00,5174853,Seth Joba,70,Vandals,Idaho,Idaho,13.0,2,4,0,2,0,0,1,3,4,2,2,0,0,4,4,False,False,False,False,21,S. Joba,https://a.espncdn.com/i/headshots/mens-college-basketball/players/full/5174853.png,Forward,F,Idaho Vandals,s:40~l:41~t:70,idaho-vandals,https://a.espncdn.com/i/teamlogos/ncaa/500/70.png,IDHO,000000,8c6e4a,away,True,85,331,Eagles,Eastern Washington,Eastern Washington Eagles,EWU,https://a.espncdn.com/i/teamlogos/ncaa/500/331.png,a10022,abb4bc,81
401808470,2026,2,2026-03-02 00:00:00+00:00,2026-03-02 21:00:00-05:00,5107563,Jack Payne,70,Vandals,Idaho,Idaho,26.0,4,8,4,7,0,1,1,2,3,4,2,1,2,1,12,False,False,False,True,7,J. Payne,https://a.espncdn.com/i/headshots/mens-college-basketball/players/full/5107563.png,Guard,G,Idaho Vandals,s:40~l:41~t:70,idaho-vandals,https://a.espncdn.com/i/teamlogos/ncaa/500/70.png,IDHO,000000,8c6e4a,away,True,85,331,Eagles,Eastern Washington,Eastern Washington Eagles,EWU,https://a.espncdn.com/i/teamlogos/ncaa/500/331.png,a10022,abb4bc,81
401808470,2026,2,2026-03-02 00:00:00+00:00,2026-03-02 21:00:00-05:00,5106590,Trevon Blassingame,70,Vandals,Idaho,Idaho,15.0,4,6,3,5,0,0,0,0,0,0,1,0,0,3,11,False,False,False,True,1,T. Blassingame,https://a.espncdn.com/i/headshots/mens-college-basketball/players/full/5106590.png,Guard,G,Idaho Vandals,s:40~l:41~t:70,idaho-vandals,https://a.espncdn.com/i/teamlogos/ncaa/500/70.png,IDHO,000000,8c6e4a,away,True,85,331,Eagles,Eastern Washington,Eastern Washington Eagles,EWU,https://a.espncdn.com/i/teamlogos/ncaa/500/331.png,a10022,abb4bc,81
401808470,2026,2,2026-03-02 00:00:00+00:00,2026-03-02 21:00:00-05:00,4902201,Aidan Sevilla,70,Vandals,Idaho,Idaho,21.0,4,5,1,2,1,1,2,0,2,0,0,0,1,3,10,False,False,False,False,4,A. Sevilla,https://a.espncdn.com/i/headshots/mens-college-basketball/players/full/4902201.png,Guard,G,Idaho Vandals,s:40~l:41~t:70,idaho-vandals,https://a.espncdn.com/i/teamlogos/ncaa/500/70.png,IDHO,000000,8c6e4a,away,True,85,331,Eagles,Eastern Washington,Eastern Washington Eagles,EWU,https://a.espncdn.com/i/teamlogos/ncaa/500/331.png,a10022,abb4bc,81
401808470,2026,2,2026-03-02 00:00:00+00:00,2026-03-02 21:00:00-05:00,5313162,Will Jenson,70,Vandals,Idaho,Idaho,,,,,,,,,,,,,,,,,False,False,True,False,34,W. Jenson,https://a.espncdn.com/i/headshots/mens-college-basketball/players/full/5313162.png,Forward,F,Idaho Vandals,s:40~l:41~t:70,idaho-vandals,https://a.espncdn.com/i/teamlogos/ncaa/500/70.png,IDHO,000000,8c6e4a,away,True,85,331,Eagles,Eastern Washington,Eastern Washington Eagles,EWU,https://a.espncdn.com/i/teamlogos/ncaa/500/331.png,a10022,abb4bc,81
401808470,2026,2,2026-03-02 00:00:00+00:00,2026-03-02 21:00:00-05:00,5105650,Tyler Linhardt,70,Vandals,Idaho,Idaho,,,,,,,,,,,,,,,,,False,False,True,False,22,T. Linhardt,https://a.espncdn.com/i/headshots/mens-college-basketball/players/full/5105650.png,Forward,F,Idaho Vandals,s:40~l:41~t:70,idaho-vandals,https://a.espncdn.com/i/teamlogos/ncaa/500/70.png,IDHO,000000,8c6e4a,away,True,85,331,Eagles,Eastern Washington,Eastern Washington Eagles,EWU,https://a.espncdn.com/i/teamlogos/ncaa/500/331.png,a10022,abb4bc,81
401808470,2026,2,2026-03-02 00:00:00+00:00,2026-03-02 21:00:00-05:00,5313161,Talon Jenkins,70,Vandals,Idaho,Idaho,,,,,,,,,,,,,,,,,False,False,True,False,2,T. Jenkins,https://a.espncdn.com/i/headshots/mens-college-basketball/players/full/5313161.png,Guard,G,Idaho Vandals,s:40~l:41~t:70,idaho-vandals,https://a.espncdn.com/i/teamlogos/ncaa/500/70.png,IDHO,000000,8c6e4a,away,True,85,331,Eagles,Eastern Washington,Eastern Washington Eagles,EWU,https://a.espncdn.com/i/teamlogos/ncaa/500/331.png,a10022,abb4bc,81
401808470,2026,2,2026-03-02 00:00:00+00:00,2026-03-02 21:00:00-05:00,5176318,Kolton Mitchell,70,Vandals,Idaho,Idaho,,,,,,,,,,,,,,,,,False,False,True,False,14,K. Mitchell,https://a.espncdn.com/i/headshots/mens-college-basketball/players/full/5176318.png,Guard,G,Idaho Vandals,s:40~l:41~t:70,idaho-vandals,https://a.espncdn.com/i/teamlogos/ncaa/500/70.png,IDHO,000000,8c6e4a,away,True,85,331,Eagles,Eastern Washington,Eastern Washington Eagles,EWU,https://a.espncdn.com/i/teamlogos/ncaa/500/331.png,a10022,abb4bc,81
401808470,2026,2,2026-03-02 00:00:00+00:00,2026-03-02 21:00:00-05:00,5176303,Kristian Gonzalez,70,Vandals,Idaho,Idaho,,,,,,,,,,,,,,,,,False,False,True,False,10,K. Gonzalez,https://a.espncdn.com/i/headshots/mens-college-basketball/players/full/5176303.png,Guard,G,Idaho Vandals,s:40~l:41~t:70,idaho-vandals,https://a.espncdn.com/i/teamlogos/ncaa/500/70.png,IDHO,000000,8c6e4a,away,True,85,331,Eagles,Eastern Washington,Eastern Washington Eagles,EWU,https://a.espncdn.com/i/teamlogos/ncaa/500/331.png,a10022,abb4bc,81
401808470,2026,2,2026-03-02 00:00:00+00:00,2026-03-02 21:00:00-05:00,5107820,Titus Yearout,70,Vandals,Idaho,Idaho,,,,,,,,,,,,,,,,,False,False,True,False,11,T. Yearout,https://a.espncdn.com/i/headshots/mens-college-basketball/players/full/5107820.png,Guard,G,Idaho Vandals,s:40~l:41~t:70,idaho-vandals,https://a.espncdn.com/i/teamlogos/ncaa/500/70.png,IDHO,000000,8c6e4a,away,True,85,331,Eagles,Eastern Washington,Eastern Washington Eagles,EWU,https://a.espncdn.com/i/teamlogos/ncaa/500/331.png,a10022,abb4bc,81
401808470,2026,2,2026-03-02 00:00:00+00:00,2026-03-02 21:00:00-05:00,5313112,Alton Hamilton IV,331,Eagles,Eastern Washington,E Washington,32.0,7,10,1,1,5,7,3,2,5,2,0,2,2,3,20,True,False,False,True,4,A. Hamilton IV,,Forward,F,Eastern Washington Eagles,s:40~l:41~t:331,eastern-washington-eagles,https://a.espncdn.com/i/teamlogos/ncaa/500/331.png,EWU,a10022,abb4bc,home,False,81,70,Vandals,Idaho,Idaho Vandals,IDHO,https://a.espncdn.com/i/teamlogos/ncaa/500/70.png,000000,8c6e4a,85
401808470,2026,2,2026-03-02 00:00:00+00:00,2026-03-02 21:00:00-05:00,5176321,Kiree Huie,331,Eagles,Eastern Washington,E Washington,27.0,2,7,0,0,3,6,1,3,4,1,0,3,2,1,7,True,False,False,False,15,K. Huie,https://a.espncdn.com/i/headshots/mens-college-basketball/players/full/5176321.png,Forward,F,Eastern Washington Eagles,s:40~l:41~t:331,eastern-washington-eagles,https://a.espncdn.com/i/teamlogos/ncaa/500/331.png,EWU,a10022,abb4bc,home,False,81,70,Vandals,Idaho,Idaho Vandals,IDHO,https://a.espncdn.com/i/teamlogos/ncaa/500/70.png,000000,8c6e4a,85
401808470,2026,2,2026-03-02 00:00:00+00:00,2026-03-02 21:00:00-05:00,5313110,Cole Scherer,331,Eagles,Eastern Washington,E Washington,7.0,0,1,0,1,0,0,0,2,2,0,1,0,0,1,0,True,False,False,False,11,C. Scherer,,Guard,G,Eastern Washington Eagles,s:40~l:41~t:331,eastern-washington-eagles,https://a.espncdn.com/i/teamlogos/ncaa/500/331.png,EWU,a10022,abb4bc,home,False,81,70,Vandals,Idaho,Idaho Vandals,IDHO,https://a.espncdn.com/i/teamlogos/ncaa/500/70.png,000000,8c6e4a,85
401808470,2026,2,2026-03-02 00:00:00+00:00,2026-03-02 21:00:00-05:00,5176412,Isaiah Moses,331,Eagles,Eastern Washington,E Washington,37.0,9,14,2,6,8,8,0,4,4,2,0,1,5,2,28,True,False,False,True,2,I. Moses,https://a.espncdn.com/i/headshots/mens-college-basketball/players/full/5176412.png,Guard,G,Eastern Washington Eagles,s:40~l:41~t:331,eastern-washington-eagles,https://a.espncdn.com/i/teamlogos/ncaa/500/331.png,EWU,a10022,abb4bc,home,False,81,70,Vandals,Idaho,Idaho Vandals,IDHO,https://a.espncdn.com/i/teamlogos/ncaa/500/70.png,000000,8c6e4a,85
401808470,2026,2,2026-03-02 00:00:00+00:00,2026-03-02 21:00:00-05:00,4684146,Tyler Powell,331,Eagles,Eastern Washington,E Washington,17.0,0,3,0,3,0,0,0,1,1,1,0,1,0,3,0,True,False,False,False,1,T. Powell,https://a.espncdn.com/i/headshots/mens-college-basketball/players/full/4684146.png,Guard,G,Eastern Washington Eagles,s:40~l:41~t:331,eastern-washington-eagles,https://a.espncdn.com/i/teamlogos/ncaa/500/331.png,EWU,a10022,abb4bc,home,False,81,70,Vandals,Idaho,Idaho Vandals,IDHO,https://a.espncdn.com/i/teamlogos/ncaa/500/70.png,000000,8c6e4a,85
401808470,2026,2,2026-03-02 00:00:00+00:00,2026-03-02 21:00:00-05:00,5175374,Emmett Marquardt,331,Eagles,Eastern Washington,E Washington,15.0,2,4,0,2,0,0,1,3,4,0,1,0,0,2,4,False,False,False,False,33,E. Marquardt,https://a.espncdn.com/i/headshots/mens-college-basketball/players/full/5175374.png,Forward,F,Eastern Washington Eagles,s:40~l:41~t:331,eastern-washington-eagles,https://a.espncdn.com/i/teamlogos/ncaa/500/331.png,EWU,a10022,abb4bc,home,False,81,70,Vandals,Idaho,Idaho Vandals,IDHO,https://a.espncdn.com/i/teamlogos/ncaa/500/70.png,000000,8c6e4a,85
401808470,2026,2,2026-03-02 00:00:00+00:00,2026-03-02 21:00:00-05:00,5313111,Straton Rogers,331,Eagles,Eastern Washington,E Washington,21.0,1,1,0,0,0,0,0,1,1,1,1,1,0,2,2,False,False,False,True,12,S. Rogers,,Guard,G,Eastern Washington Eagles,s:40~l:41~t:331,eastern-washington-eagles,https://a.espncdn.com/i/teamlogos/ncaa/500/331.png,EWU,a10022,abb4bc,home,False,81,70,Vandals,Idaho,Idaho Vandals,IDHO,https://a.espncdn.com/i/teamlogos/ncaa/500/70.png,000000,8c6e4a,85
401808470,2026,2,2026-03-02 00:00:00+00:00,2026-03-02 21:00:00-05:00,5241269,Jojo Anderson,331,Eagles,Eastern Washington,E Washington,28.0,5,7,2,3,3,4,0,2,2,5,3,1,2,2,15,False,False,False,True,22,J. Anderson,https://a.espncdn.com/i/headshots/mens-college-basketball/players/full/5241269.png,Guard,G,Eastern Washington Eagles,s:40~l:41~t:331,eastern-washington-eagles,https://a.espncdn.com/i/teamlogos/ncaa/500/331.png,EWU,a10022,abb4bc,home,False,81,70,Vandals,Idaho,Idaho Vandals,IDHO,https://a.espncdn.com/i/teamlogos/ncaa/500/70.png,000000,8c6e4a,85
401808470,2026,2,2026-03-02 00:00:00+00:00,2026-03-02 21:00:00-05:00,5241164,Elijah Thomas,331,Eagles,Eastern Washington,E Washington,9.0,1,2,1,1,2,4,1,1,2,0,0,2,1,3,5,False,False,False,False,5,E. Thomas,https://a.espncdn.com/i/headshots/mens-college-basketball/players/full/5241164.png,Guard,G,Eastern Washington Eagles,s:40~l:41~t:331,eastern-washington-eagles,https://a.espncdn.com/i/teamlogos/ncaa/500/331.png,EWU,a10022,abb4bc,home,False,81,70,Vandals,Idaho,Idaho Vandals,IDHO,https://a.espncdn.com/i/teamlogos/ncaa/500/70.png,000000,8c6e4a,85
401808470,2026,2,2026-03-02 00:00:00+00:00,2026-03-02 21:00:00-05:00,4708534,Johnny Radford,331,Eagles,Eastern Washington,E Washington,7.0,0,1,0,1,0,0,0,0,0,0,0,0,0,0,0,False,False,False,True,21,J. Radford,,Guard,G,Eastern Washington Eagles,s:40~l:41~t:331,eastern-washington-eagles,https://a.espncdn.com/i/teamlogos/ncaa/500/331.png,EWU,a10022,abb4bc,home,False,81,70,Vandals,Idaho,Idaho Vandals,IDHO,https://a.espncdn.com/i/teamlogos/ncaa/500/70.png,000000,8c6e4a,85
401808470,2026,2,2026-03-02 00:00:00+00:00,2026-03-02 21:00:00-05:00,5313113,Alan Gballou,331,Eagles,Eastern Washington,E Washington,,,,,,,,,,,,,,,,,False,False,True,False,55,A. Gballou,,Forward,F,Eastern Washington Eagles,s:40~l:41~t:331,eastern-washington-eagles,https://a.espncdn.com/i/teamlogos/ncaa/500/331.png,EWU,a10022,abb4bc,home,False,81,70,Vandals,Idaho,Idaho Vandals,IDHO,https://a.espncdn.com/i/teamlogos/ncaa/500/70.png,000000,8c6e4a,85
401808470,2026,2,2026-03-02 00:00:00+00:00,2026-03-02 21:00:00-05:00,5241162,Angelo Winkel,331,Eagles,Eastern Washington,E Washington,,,,,,,,,,,,,,,,,False,False,True,False,0,A. Winkel,https://a.espncdn.com/i/headshots/mens-college-basketball/players/full/5241162.png,Forward,F,Eastern Washington Eagles,s:40~l:41~t:331,eastern-washington-eagles,https://a.espncdn.com/i/teamlogos/ncaa/500/331.png,EWU,a10022,abb4bc,home,False,81,70,Vandals,Idaho,Idaho Vandals,IDHO,https://a.espncdn.com/i/teamlogos/ncaa/500/70.png,000000,8c6e4a,85
401808470,2026,2,2026-03-02 00:00:00+00:00,2026-03-02 21:00:00-05:00,5107196,Shaumba Ngoyi,331,Eagles,Eastern Washington,E Washington,,,,,,,,,,,,,,,,,False,False,True,False,35,S. Ngoyi,https://a.espncdn.com/i/headshots/mens-college-basketball/players/full/5107196.png,Forward,F,Eastern Washington Eagles,s:40~l:41~t:331,eastern-washington-eagles,https://a.espncdn.com/i/teamlogos/ncaa/500/331.png,EWU,a10022,abb4bc,home,False,81,70,Vandals,Idaho,Idaho Vandals,IDHO,https://a.espncdn.com/i/teamlogos/ncaa/500/70.png,000000,8c6e4a,85
401808470,2026,2,2026-03-02 00:00:00+00:00,2026-03-02 21:00:00-05:00,5107191,Maddox Monson,331,Eagles,Eastern Washington,E Washington,,,,,,,,,,,,,,,,,False,False,True,False,10,M. Monson,https://a.espncdn.com/i/headshots/mens-college-basketball/players/full/5107191.png,Guard,G,Eastern Washington Eagles,s:40~l:41~t:331,eastern-washington-eagles,https://a.espncdn.com/i/teamlogos/ncaa/500/331.png,EWU,a10022,abb4bc,home,False,81,70,Vandals,Idaho,Idaho Vandals,IDHO,https://a.espncdn.com/i/teamlogos/ncaa/500/70.png,000000,8c6e4a,85
401808470,2026,2,2026-03-02 00:00:00+00:00,2026-03-02 21:00:00-05:00,4906817,Andrew Cook,331,Eagles,Eastern Washington,E Washington,,,,,,,,,,,,,,,,,False,False,True,False,9,A. Cook,https://a.espncdn.com/i/headshots/mens-college-basketball/players/full/4906817.png,Guard,G,Eastern Washington Eagles,s:40~l:41~t:331,eastern-washington-eagles,https://a.espncdn.com/i/teamlogos/ncaa/500/331.png,EWU,a10022,abb4bc,home,False,81,70,Vandals,Idaho,Idaho Vandals,IDHO,https://a.espncdn.com/i/teamlogos/ncaa/500/70.png,000000,8c6e4a,85
401820481,2026,2,2026-03-02 00:00:00+00:00,2026-03-02 20:30:00-05:00,5242573,Braden East,2320,Cardinals,Lamar,Lamar,30.0,7,12,0,2,2,3,6,5,11,0,1,2,2,3,16,True,False,False,True,4,B. East,https://a.espncdn.com/i/headshots/mens-college-basketball/players/full/5242573.png,Forward,F,Lamar Cardinals,s:40~l:41~t:2320,lamar-cardinals,https://a.espncdn.com/i/teamlogos/ncaa/500/2320.png,LAM,000000,ebebeb,away,False,53,2277,Huskies,Houston Christian,Houston Christian Huskies,HCU,https://a.espncdn.com/i/teamlogos/ncaa/500/2277.png,00539c,,75
401820481,2026,2,2026-03-02 00:00:00+00:00,2026-03-02 20:30:00-05:00,5176637,Errol White,2320,Cardinals,Lamar,Lamar,20.0,0,6,0,0,1,2,2,3,5,0,2,0,4,2,1,True,False,False,False,10,E. White,https://a.espncdn.com/i/headshots/mens-college-basketball/players/full/5176637.png,Forward,F,Lamar Cardinals,s:40~l:41~t:2320,lamar-cardinals,https://a.espncdn.com/i/teamlogos/ncaa/500/2320.png,LAM,000000,ebebeb,away,False,53,2277,Huskies,Houston Christian,Houston Christian Huskies,HCU,https://a.espncdn.com/i/teamlogos/ncaa/500/2277.png,00539c,,75
401820481,2026,2,2026-03-02 00:00:00+00:00,2026-03-02 20:30:00-05:00,5116468,Andrew Holifield,2320,Cardinals,Lamar,Lamar,31.0,0,4,0,2,0,0,2,1,3,0,3,2,3,3,0,True,False,False,True,22,A. Holifield,https://a.espncdn.com/i/headshots/mens-college-basketball/players/full/5116468.png,Forward,F,Lamar Cardinals,s:40~l:41~t:2320,lamar-cardinals,https://a.espncdn.com/i/teamlogos/ncaa/500/2320.png,LAM,000000,ebebeb,away,False,53,2277,Huskies,Houston Christian,Houston Christian Huskies,HCU,https://a.espncdn.com/i/teamlogos/ncaa/500/2277.png,00539c,,75
401820481,2026,2,2026-03-02 00:00:00+00:00,2026-03-02 20:30:00-05:00,5313558,Rob Lee Jr.,2320,Cardinals,Lamar,Lamar,34.0,6,19,3,11,1,2,1,2,3,2,0,0,2,2,16,True,False,False,True,24,R. Lee Jr.,,Guard,G,Lamar Cardinals,s:40~l:41~t:2320,lamar-cardinals,https://a.espncdn.com/i/teamlogos/ncaa/500/2320.png,LAM,000000,ebebeb,away,False,53,2277,Huskies,Houston Christian,Houston Christian Huskies,HCU,https://a.espncdn.com/i/teamlogos/ncaa/500/2277.png,00539c,,75
401820481,2026,2,2026-03-02 00:00:00+00:00,2026-03-02 20:30:00-05:00,5108080,Cody Pennebaker,2320,Cardinals,Lamar,Lamar,31.0,5,9,1,2,1,2,2,4,6,1,0,0,2,2,12,True,False,False,True,0,C. Pennebaker,https://a.espncdn.com/i/headshots/mens-college-basketball/players/full/5108080.png,Guard,G,Lamar Cardinals,s:40~l:41~t:2320,lamar-cardinals,https://a.espncdn.com/i/teamlogos/ncaa/500/2320.png,LAM,000000,ebebeb,away,False,53,2277,Huskies,Houston Christian,Houston Christian Huskies,HCU,https://a.espncdn.com/i/teamlogos/ncaa/500/2277.png,00539c,,75
401820481,2026,2,2026-03-02 00:00:00+00:00,2026-03-02 20:30:00-05:00,5123799,Janko Bulajic,2320,Cardinals,Lamar,Lamar,8.0,0,0,0,0,0,0,1,0,1,1,1,0,0,2,0,False,False,False,False,32,J. Bulajic,https://a.espncdn.com/i/headshots/mens-college-basketball/players/full/5123799.png,Center,C,Lamar Cardinals,s:40~l:41~t:2320,lamar-cardinals,https://a.espncdn.com/i/teamlogos/ncaa/500/2320.png,LAM,000000,ebebeb,away,False,53,2277,Huskies,Houston Christian,Houston Christian Huskies,HCU,https://a.espncdn.com/i/teamlogos/ncaa/500/2277.png,00539c,,75
401820481,2026,2,2026-03-02 00:00:00+00:00,2026-03-02 20:30:00-05:00,5313555,Eian Lowe,2320,Cardinals,Lamar,Lamar,25.0,3,6,0,1,2,4,1,0,1,5,2,0,1,2,8,False,False,False,True,11,E. Lowe,https://a.espncdn.com/i/headshots/mens-college-basketball/players/full/5313555.png,Guard,G,Lamar Cardinals,s:40~l:41~t:2320,lamar-cardinals,https://a.espncdn.com/i/teamlogos/ncaa/500/2320.png,LAM,000000,ebebeb,away,False,53,2277,Huskies,Houston Christian,Houston Christian Huskies,HCU,https://a.espncdn.com/i/teamlogos/ncaa/500/2277.png,00539c,,75
401820481,2026,2,2026-03-02 00:00:00+00:00,2026-03-02 20:30:00-05:00,5313554,King-Njhsanni Wilhite,2320,Cardinals,Lamar,Lamar,12.0,0,4,0,1,0,0,0,1,1,0,0,0,0,0,0,False,False,False,False,3,K. Wilhite,https://a.espncdn.com/i/headshots/mens-college-basketball/players/full/5313554.png,Guard,G,Lamar Cardinals,s:40~l:41~t:2320,lamar-cardinals,https://a.espncdn.com/i/teamlogos/ncaa/500/2320.png,LAM,000000,ebebeb,away,False,53,2277,Huskies,Houston Christian,Houston Christian Huskies,HCU,https://a.espncdn.com/i/teamlogos/ncaa/500/2277.png,00539c,,75
401820481,2026,2,2026-03-02 00:00:00+00:00,2026-03-02 20:30:00-05:00,5242574,Jayden Gambrell,2320,Cardinals,Lamar,Lamar,3.0,0,1,0,1,0,0,0,0,0,0,0,0,0,1,0,False,False,False,False,5,J. Gambrell,https://a.espncdn.com/i/headshots/mens-college-basketball/players/full/5242574.png,Guard,G,Lamar Cardinals,s:40~l:41~t:2320,lamar-cardinals,https://a.espncdn.com/i/teamlogos/ncaa/500/2320.png,LAM,000000,ebebeb,away,False,53,2277,Huskies,Houston Christian,Houston Christian Huskies,HCU,https://a.espncdn.com/i/teamlogos/ncaa/500/2277.png,00539c,,75
401820481,2026,2,2026-03-02 00:00:00+00:00,2026-03-02 20:30:00-05:00,5106641,B.B. Knight,2320,Cardinals,Lamar,Lamar,6.0,0,3,0,2,0,0,0,0,0,0,0,0,0,0,0,False,False,False,False,8,B. Knight,https://a.espncdn.com/i/headshots/mens-college-basketball/players/full/5106641.png,Guard,G,Lamar Cardinals,s:40~l:41~t:2320,lamar-cardinals,https://a.espncdn.com/i/teamlogos/ncaa/500/2320.png,LAM,000000,ebebeb,away,False,53,2277,Huskies,Houston Christian,Houston Christian Huskies,HCU,https://a.espncdn.com/i/teamlogos/ncaa/500/2277.png,00539c,,75
401820481,2026,2,2026-03-02 00:00:00+00:00,2026-03-02 20:30:00-05:00,5313556,Christian Thomas,2320,Cardinals,Lamar,Lamar,,,,,,,,,,,,,,,,,False,False,True,False,12,C. Thomas,https://a.espncdn.com/i/headshots/mens-college-basketball/players/full/5313556.png,Power Forward,PF,Lamar Cardinals,s:40~l:41~t:2320,lamar-cardinals,https://a.espncdn.com/i/teamlogos/ncaa/500/2320.png,LAM,000000,ebebeb,away,False,53,2277,Huskies,Houston Christian,Houston Christian Huskies,HCU,https://a.espncdn.com/i/teamlogos/ncaa/500/2277.png,00539c,,75
401820481,2026,2,2026-03-02 00:00:00+00:00,2026-03-02 20:30:00-05:00,5313557,Spencer Ezewiro,2320,Cardinals,Lamar,Lamar,,,,,,,,,,,,,,,,,False,False,True,False,20,S. Ezewiro,https://a.espncdn.com/i/headshots/mens-college-basketball/players/full/5313557.png,Forward,F,Lamar Cardinals,s:40~l:41~t:2320,lamar-cardinals,https://a.espncdn.com/i/teamlogos/ncaa/500/2320.png,LAM,000000,ebebeb,away,False,53,2277,Huskies,Houston Christian,Houston Christian Huskies,HCU,https://a.espncdn.com/i/teamlogos/ncaa/500/2277.png,00539c,,75
401820481,2026,2,2026-03-02 00:00:00+00:00,2026-03-02 20:30:00-05:00,5313559,Izuchukwu Emelife,2320,Cardinals,Lamar,Lamar,,,,,,,,,,,,,,,,,False,False,True,False,51,I. Emelife,https://a.espncdn.com/i/headshots/mens-college-basketball/players/full/5313559.png,Center,C,Lamar Cardinals,s:40~l:41~t:2320,lamar-cardinals,https://a.espncdn.com/i/teamlogos/ncaa/500/2320.png,LAM,000000,ebebeb,away,False,53,2277,Huskies,Houston Christian,Houston Christian Huskies,HCU,https://a.espncdn.com/i/teamlogos/ncaa/500/2277.png,00539c,,75
401820481,2026,2,2026-03-02 00:00:00+00:00,2026-03-02 20:30:00-05:00,5313553,Quinton Sanders,2320,Cardinals,Lamar,Lamar,,,,,,,,,,,,,,,,,False,False,True,False,1,Q. Sanders,https://a.espncdn.com/i/headshots/mens-college-basketball/players/full/5313553.png,Guard,G,Lamar Cardinals,s:40~l:41~t:2320,lamar-cardinals,https://a.espncdn.com/i/teamlogos/ncaa/500/2320.png,LAM,000000,ebebeb,away,False,53,2277,Huskies,Houston Christian,Houston Christian Huskies,HCU,https://a.espncdn.com/i/teamlogos/ncaa/500/2277.png,00539c,,75
401820481,2026,2,2026-03-02 00:00:00+00:00,2026-03-02 20:30:00-05:00,5176636,Jayden Barrs,2320,Cardinals,Lamar,Lamar,,,,,,,,,,,,,,,,,False,False,True,False,2,J. Barrs,https://a.espncdn.com/i/headshots/mens-college-basketball/players/full/5176636.png,Guard,G,Lamar Cardinals,s:40~l:41~t:2320,lamar-cardinals,https://a.espncdn.com/i/teamlogos/ncaa/500/2320.png,LAM,000000,ebebeb,away,False,53,2277,Huskies,Houston Christian,Houston Christian Huskies,HCU,https://a.espncdn.com/i/teamlogos/ncaa/500/2277.png,00539c,,75
401820481,2026,2,2026-03-02 00:00:00+00:00,2026-03-02 20:30:00-05:00,5243123,Demarco Bethea,2277,Huskies,Houston Christian,Hou Christian,29.0,6,10,0,0,2,4,2,4,6,1,0,0,0,4,14,True,False,False,False,23,D. Bethea,https://a.espncdn.com/i/headshots/mens-college-basketball/players/full/5243123.png,Forward,F,Houston Christian Huskies,s:40~l:41~t:2277,houston-christian-huskies,https://a.espncdn.com/i/teamlogos/ncaa/500/2277.png,HCU,00539c,,home,True,75,2320,Cardinals,Lamar,Lamar Cardinals,LAM,https://a.espncdn.com/i/teamlogos/ncaa/500/2320.png,000000,ebebeb,53
401820481,2026,2,2026-03-02 00:00:00+00:00,2026-03-02 20:30:00-05:00,5176950,Mambourou Mara,2277,Huskies,Houston Christian,Hou Christian,31.0,4,6,0,2,1,1,0,7,7,1,2,2,2,0,9,True,False,False,False,21,M. Mara,https://a.espncdn.com/i/headshots/mens-college-basketball/players/full/5176950.png,Forward,F,Houston Christian Huskies,s:40~l:41~t:2277,houston-christian-huskies,https://a.espncdn.com/i/teamlogos/ncaa/500/2277.png,HCU,00539c,,home,True,75,2320,Cardinals,Lamar,Lamar Cardinals,LAM,https://a.espncdn.com/i/teamlogos/ncaa/500/2320.png,000000,ebebeb,53
401820481,2026,2,2026-03-02 00:00:00+00:00,2026-03-02 20:30:00-05:00,5176325,Trent Johnson,2277,Huskies,Houston Christian,Hou Christian,33.0,2,4,2,3,3,4,0,0,0,3,4,2,1,0,9,True,False,False,False,8,T. Johnson,https://a.espncdn.com/i/headshots/mens-college-basketball/players/full/5176325.png,Forward,F,Houston Christian Huskies,s:40~l:41~t:2277,houston-christian-huskies,https://a.espncdn.com/i/teamlogos/ncaa/500/2277.png,HCU,00539c,,home,True,75,2320,Cardinals,Lamar,Lamar Cardinals,LAM,https://a.espncdn.com/i/teamlogos/ncaa/500/2320.png,000000,ebebeb,53
401820481,2026,2,2026-03-02 00:00:00+00:00,2026-03-02 20:30:00-05:00,5313498,Ryan Bartley,2277,Huskies,Houston Christian,Hou Christian,37.0,6,12,2,6,1,3,1,4,5,3,2,1,1,2,15,True,False,False,True,1,R. Bartley,https://a.espncdn.com/i/headshots/mens-college-basketball/players/full/5313498.png,Guard,G,Houston Christian Huskies,s:40~l:41~t:2277,houston-christian-huskies,https://a.espncdn.com/i/teamlogos/ncaa/500/2277.png,HCU,00539c,,home,True,75,2320,Cardinals,Lamar,Lamar Cardinals,LAM,https://a.espncdn.com/i/teamlogos/ncaa/500/2320.png,000000,ebebeb,53
401820481,2026,2,2026-03-02 00:00:00+00:00,2026-03-02 20:30:00-05:00,5241376,Kylin Green,2277,Huskies,Houston Christian,Hou Christian,37.0,4,9,1,2,4,4,2,6,8,5,1,0,5,3,13,True,False,False,False,3,K. Green,https://a.espncdn.com/i/headshots/mens-college-basketball/players/full/5241376.png,Guard,G,Houston Christian Huskies,s:40~l:41~t:2277,houston-christian-huskies,https://a.espncdn.com/i/teamlogos/ncaa/500/2277.png,HCU,00539c,,home,True,75,2320,Cardinals,Lamar,Lamar Cardinals,LAM,https://a.espncdn.com/i/teamlogos/ncaa/500/2320.png,000000,ebebeb,53
401820481,2026,2,2026-03-02 00:00:00+00:00,2026-03-02 20:30:00-05:00,5313501,Caleb Gaston,2277,Huskies,Houston Christian,Hou Christian,4.0,0,0,0,0,0,0,1,1,2,0,0,0,1,3,0,False,False,False,True,10,C. Gaston,https://a.espncdn.com/i/headshots/mens-college-basketball/players/full/5313501.png,Forward,F,Houston Christian Huskies,s:40~l:41~t:2277,houston-christian-huskies,https://a.espncdn.com/i/teamlogos/ncaa/500/2277.png,HCU,00539c,,home,True,75,2320,Cardinals,Lamar,Lamar Cardinals,LAM,https://a.espncdn.com/i/teamlogos/ncaa/500/2320.png,000000,ebebeb,53
401820481,2026,2,2026-03-02 00:00:00+00:00,2026-03-02 20:30:00-05:00,4838718,Ahjany Lee,2277,Huskies,Houston Christian,Hou Christian,1.0,0,0,0,0,0,0,0,0,0,0,0,0,0,0,0,False,False,False,True,13,A. Lee,https://a.espncdn.com/i/headshots/mens-college-basketball/players/full/4838718.png,Forward,F,Houston Christian Huskies,s:40~l:41~t:2277,houston-christian-huskies,https://a.espncdn.com/i/teamlogos/ncaa/500/2277.png,HCU,00539c,,home,True,75,2320,Cardinals,Lamar,Lamar Cardinals,LAM,https://a.espncdn.com/i/teamlogos/ncaa/500/2320.png,000000,ebebeb,53
401820481,2026,2,2026-03-02 00:00:00+00:00,2026-03-02 20:30:00-05:00,5242556,D'Aundre Samuels,2277,Huskies,Houston Christian,Hou Christian,27.0,3,6,0,2,7,8,0,6,6,3,2,0,3,1,13,False,False,False,True,5,D. Samuels,https://a.espncdn.com/i/headshots/mens-college-basketball/players/full/5242556.png,Guard,G,Houston Christian Huskies,s:40~l:41~t:2277,houston-christian-huskies,https://a.espncdn.com/i/teamlogos/ncaa/500/2277.png,HCU,00539c,,home,True,75,2320,Cardinals,Lamar,Lamar Cardinals,LAM,https://a.espncdn.com/i/teamlogos/ncaa/500/2320.png,000000,ebebeb,53
401820481,2026,2,2026-03-02 00:00:00+00:00,2026-03-02 20:30:00-05:00,5116961,Bryson Monroe,2277,Huskies,Houston Christian,Hou Christian,1.0,1,2,0,1,0,0,0,0,0,0,0,0,0,0,2,False,False,False,True,24,B. Monroe,https://a.espncdn.com/i/headshots/mens-college-basketball/players/full/5116961.png,Guard,G,Houston Christian Huskies,s:40~l:41~t:2277,houston-christian-huskies,https://a.espncdn.com/i/teamlogos/ncaa/500/2277.png,HCU,00539c,,home,True,75,2320,Cardinals,Lamar,Lamar Cardinals,LAM,https://a.espncdn.com/i/teamlogos/ncaa/500/2320.png,000000,ebebeb,53
401820481,2026,2,2026-03-02 00:00:00+00:00,2026-03-02 20:30:00-05:00,5313502,Brennen Byrd,2277,Huskies,Houston Christian,Hou Christian,,,,,,,,,,,,,,,,,False,False,True,False,32,B. Byrd,https://a.espncdn.com/i/headshots/mens-college-basketball/players/full/5313502.png,Forward,F,Houston Christian Huskies,s:40~l:41~t:2277,houston-christian-huskies,https://a.espncdn.com/i/teamlogos/ncaa/500/2277.png,HCU,00539c,,home,True,75,2320,Cardinals,Lamar,Lamar Cardinals,LAM,https://a.espncdn.com/i/teamlogos/ncaa/500/2320.png,000000,ebebeb,53
401820481,2026,2,2026-03-02 00:00:00+00:00,2026-03-02 20:30:00-05:00,5313500,Nehikhare Igiehon,2277,Huskies,Houston Christian,Hou Christian,,,,,,,,,,,,,,,,,False,False,True,False,7,N. Igiehon,https://a.espncdn.com/i/headshots/mens-college-basketball/players/full/5313500.png,Forward,F,Houston Christian Huskies,s:40~l:41~t:2277,houston-christian-huskies,https://a.espncdn.com/i/teamlogos/ncaa/500/2277.png,HCU,00539c,,home,True,75,2320,Cardinals,Lamar,Lamar Cardinals,LAM,https://a.espncdn.com/i/teamlogos/ncaa/500/2320.png,000000,ebebeb,53
401820481,2026,2,2026-03-02 00:00:00+00:00,2026-03-02 20:30:00-05:00,5313499,Will Wilson,2277,Huskies,Houston Christian,Hou Christian,,,,,,,,,,,,,,,,,False,False,True,False,2,W. Wilson,https://a.espncdn.com/i/headshots/mens-college-basketball/players/full/5313499.png,Guard,G,Houston Christian Huskies,s:40~l:41~t:2277,houston-christian-huskies,https://a.espncdn.com/i/teamlogos/ncaa/500/2277.png,HCU,00539c,,home,True,75,2320,Cardinals,Lamar,Lamar Cardinals,LAM,https://a.espncdn.com/i/teamlogos/ncaa/500/2320.png,000000,ebebeb,53
401820481,2026,2,2026-03-02 00:00:00+00:00,2026-03-02 20:30:00-05:00,5176766,Obadiah Curtis,2277,Huskies,Houston Christian,Hou Christian,,,,,,,,,,,,,,,,,False,False,True,False,9,O. Curtis,https://a.espncdn.com/i/headshots/mens-college-basketball/players/full/5176766.png,Guard,G,Houston Christian Huskies,s:40~l:41~t:2277,houston-christian-huskies,https://a.espncdn.com/i/teamlogos/ncaa/500/2277.png,HCU,00539c,,home,True,75,2320,Cardinals,Lamar,Lamar Cardinals,LAM,https://a.espncdn.com/i/teamlogos/ncaa/500/2320.png,000000,ebebeb,53
401820481,2026,2,2026-03-02 00:00:00+00:00,2026-03-02 20:30:00-05:00,5107282,Elijah Brooks,2277,Huskies,Houston Christian,Hou Christian,,,,,,,,,,,,,,,,,False,False,True,False,4,E. Brooks,https://a.espncdn.com/i/headshots/mens-college-basketball/players/full/5107282.png,Guard,G,Houston Christian Huskies,s:40~l:41~t:2277,houston-christian-huskies,https://a.espncdn.com/i/teamlogos/ncaa/500/2277.png,HCU,00539c,,home,True,75,2320,Cardinals,Lamar,Lamar Cardinals,LAM,https://a.espncdn.com/i/teamlogos/ncaa/500/2320.png,000000,ebebeb,53
401820481,2026,2,2026-03-02 00:00:00+00:00,2026-03-02 20:30:00-05:00,4691165,Demari Williams,2277,Huskies,Houston Christian,Hou Christian,,,,,,,,,,,,,,,,,False,False,True,False,0,D. Williams,https://a.espncdn.com/i/headshots/mens-college-basketball/players/full/4691165.png,Guard,G,Houston Christian Huskies,s:40~l:41~t:2277,houston-christian-huskies,https://a.espncdn.com/i/teamlogos/ncaa/500/2277.png,HCU,00539c,,home,True,75,2320,Cardinals,Lamar,Lamar Cardinals,LAM,https://a.espncdn.com/i/teamlogos/ncaa/500/2320.png,000000,ebebeb,53
401808917,2026,2,2026-03-02 00:00:00+00:00,2026-03-02 20:00:00-05:00,5243102,Jeremy Elyzee,2545,Lions,SE Louisiana,SE Louisiana,34.0,9,15,1,5,4,6,2,4,6,2,4,1,1,1,23,True,False,False,True,0,J. Elyzee,https://a.espncdn.com/i/headshots/mens-college-basketball/players/full/5243102.png,Forward,F,SE Louisiana Lions,s:40~l:41~t:2545,se-louisiana-lions,https://a.espncdn.com/i/teamlogos/ncaa/500/2545.png,SELA,215732,ffc72c,away,True,82,2443,Privateers,New Orleans,New Orleans Privateers,UNO,https://a.espncdn.com/i/teamlogos/ncaa/500/2443.png,005da6,a2a9ae,78
401808917,2026,2,2026-03-02 00:00:00+00:00,2026-03-02 20:00:00-05:00,5240393,Makhi Myles,2545,Lions,SE Louisiana,SE Louisiana,27.0,2,9,0,4,0,0,1,4,5,0,4,0,3,1,4,True,False,False,True,1,M. Myles,https://a.espncdn.com/i/headshots/mens-college-basketball/players/full/5240393.png,Forward,F,SE Louisiana Lions,s:40~l:41~t:2545,se-louisiana-lions,https://a.espncdn.com/i/teamlogos/ncaa/500/2545.png,SELA,215732,ffc72c,away,True,82,2443,Privateers,New Orleans,New Orleans Privateers,UNO,https://a.espncdn.com/i/teamlogos/ncaa/500/2443.png,005da6,a2a9ae,78
401808917,2026,2,2026-03-02 00:00:00+00:00,2026-03-02 20:00:00-05:00,5106865,Isaiah Gaines,2545,Lions,SE Louisiana,SE Louisiana,28.0,4,10,0,1,10,13,3,3,6,2,0,0,0,4,18,True,False,False,False,23,I. Gaines,https://a.espncdn.com/i/headshots/mens-college-basketball/players/full/5106865.png,Forward,F,SE Louisiana Lions,s:40~l:41~t:2545,se-louisiana-lions,https://a.espncdn.com/i/teamlogos/ncaa/500/2545.png,SELA,215732,ffc72c,away,True,82,2443,Privateers,New Orleans,New Orleans Privateers,UNO,https://a.espncdn.com/i/teamlogos/ncaa/500/2443.png,005da6,a2a9ae,78
401808917,2026,2,2026-03-02 00:00:00+00:00,2026-03-02 20:00:00-05:00,5176658,CJ Booker,2545,Lions,SE Louisiana,SE Louisiana,24.0,3,7,2,3,1,2,1,2,3,5,0,0,0,3,9,True,False,False,True,4,CJ Booker,https://a.espncdn.com/i/headshots/mens-college-basketball/players/full/5176658.png,Point Guard,PG,SE Louisiana Lions,s:40~l:41~t:2545,se-louisiana-lions,https://a.espncdn.com/i/teamlogos/ncaa/500/2545.png,SELA,215732,ffc72c,away,True,82,2443,Privateers,New Orleans,New Orleans Privateers,UNO,https://a.espncdn.com/i/teamlogos/ncaa/500/2443.png,005da6,a2a9ae,78
401808917,2026,2,2026-03-02 00:00:00+00:00,2026-03-02 20:00:00-05:00,5243105,Jaiden Lawrence,2545,Lions,SE Louisiana,SE Louisiana,22.0,4,5,4,5,0,0,0,0,0,1,0,0,0,4,12,True,False,False,True,10,J. Lawrence,https://a.espncdn.com/i/headshots/mens-college-basketball/players/full/5243105.png,Guard,G,SE Louisiana Lions,s:40~l:41~t:2545,se-louisiana-lions,https://a.espncdn.com/i/teamlogos/ncaa/500/2545.png,SELA,215732,ffc72c,away,True,82,2443,Privateers,New Orleans,New Orleans Privateers,UNO,https://a.espncdn.com/i/teamlogos/ncaa/500/2443.png,005da6,a2a9ae,78
401808917,2026,2,2026-03-02 00:00:00+00:00,2026-03-02 20:00:00-05:00,5314567,Garrett Shoemaker,2545,Lions,SE Louisiana,SE Louisiana,5.0,0,0,0,0,0,0,0,0,0,0,0,0,1,1,0,False,False,False,False,32,G. Shoemaker,https://a.espncdn.com/i/headshots/mens-college-basketball/players/full/5314567.png,Forward,F,SE Louisiana Lions,s:40~l:41~t:2545,se-louisiana-lions,https://a.espncdn.com/i/teamlogos/ncaa/500/2545.png,SELA,215732,ffc72c,away,True,82,2443,Privateers,New Orleans,New Orleans Privateers,UNO,https://a.espncdn.com/i/teamlogos/ncaa/500/2443.png,005da6,a2a9ae,78
401808917,2026,2,2026-03-02 00:00:00+00:00,2026-03-02 20:00:00-05:00,5108048,Ubong-Abasi Etim,2545,Lions,SE Louisiana,SE Louisiana,7.0,0,1,0,0,0,0,0,1,1,0,0,0,0,0,0,False,False,False,False,6,U. Etim,https://a.espncdn.com/i/headshots/mens-college-basketball/players/full/5108048.png,Center,C,SE Louisiana Lions,s:40~l:41~t:2545,se-louisiana-lions,https://a.espncdn.com/i/teamlogos/ncaa/500/2545.png,SELA,215732,ffc72c,away,True,82,2443,Privateers,New Orleans,New Orleans Privateers,UNO,https://a.espncdn.com/i/teamlogos/ncaa/500/2443.png,005da6,a2a9ae,78
401808917,2026,2,2026-03-02 00:00:00+00:00,2026-03-02 20:00:00-05:00,5314564,Peter Hemschemeier,2545,Lions,SE Louisiana,SE Louisiana,14.0,1,6,1,4,0,0,0,1,1,3,1,0,0,1,3,False,False,False,False,8,P. Hemschemeier,https://a.espncdn.com/i/headshots/mens-college-basketball/players/full/5314564.png,Guard,G,SE Louisiana Lions,s:40~l:41~t:2545,se-louisiana-lions,https://a.espncdn.com/i/teamlogos/ncaa/500/2545.png,SELA,215732,ffc72c,away,True,82,2443,Privateers,New Orleans,New Orleans Privateers,UNO,https://a.espncdn.com/i/teamlogos/ncaa/500/2443.png,005da6,a2a9ae,78
401808917,2026,2,2026-03-02 00:00:00+00:00,2026-03-02 20:00:00-05:00,5176390,Ethan Pickett,2545,Lions,SE Louisiana,SE Louisiana,16.0,2,4,0,0,0,0,1,1,2,2,0,0,0,2,4,False,False,False,False,3,E. Pickett,https://a.espncdn.com/i/headshots/mens-college-basketball/players/full/5176390.png,Guard,G,SE Louisiana Lions,s:40~l:41~t:2545,se-louisiana-lions,https://a.espncdn.com/i/teamlogos/ncaa/500/2545.png,SELA,215732,ffc72c,away,True,82,2443,Privateers,New Orleans,New Orleans Privateers,UNO,https://a.espncdn.com/i/teamlogos/ncaa/500/2443.png,005da6,a2a9ae,78
401808917,2026,2,2026-03-02 00:00:00+00:00,2026-03-02 20:00:00-05:00,5124659,Ahmed Essahaty,2545,Lions,SE Louisiana,SE Louisiana,23.0,3,7,1,3,2,4,1,5,6,4,0,0,2,0,9,False,False,False,True,12,A. Essahaty,https://a.espncdn.com/i/headshots/mens-college-basketball/players/full/5124659.png,Guard,G,SE Louisiana Lions,s:40~l:41~t:2545,se-louisiana-lions,https://a.espncdn.com/i/teamlogos/ncaa/500/2545.png,SELA,215732,ffc72c,away,True,82,2443,Privateers,New Orleans,New Orleans Privateers,UNO,https://a.espncdn.com/i/teamlogos/ncaa/500/2443.png,005da6,a2a9ae,78
401808917,2026,2,2026-03-02 00:00:00+00:00,2026-03-02 20:00:00-05:00,5314566,Amir Chaney,2545,Lions,SE Louisiana,SE Louisiana,,,,,,,,,,,,,,,,,False,False,True,False,11,A. Chaney,https://a.espncdn.com/i/headshots/mens-college-basketball/players/full/5314566.png,Point Guard,PG,SE Louisiana Lions,s:40~l:41~t:2545,se-louisiana-lions,https://a.espncdn.com/i/teamlogos/ncaa/500/2545.png,SELA,215732,ffc72c,away,True,82,2443,Privateers,New Orleans,New Orleans Privateers,UNO,https://a.espncdn.com/i/teamlogos/ncaa/500/2443.png,005da6,a2a9ae,78
401808917,2026,2,2026-03-02 00:00:00+00:00,2026-03-02 20:00:00-05:00,5314565,Cody Al-Naziat,2545,Lions,SE Louisiana,SE Louisiana,,,,,,,,,,,,,,,,,False,False,True,False,9,C. Al-Naziat,https://a.espncdn.com/i/headshots/mens-college-basketball/players/full/5314565.png,Guard,G,SE Louisiana Lions,s:40~l:41~t:2545,se-louisiana-lions,https://a.espncdn.com/i/teamlogos/ncaa/500/2545.png,SELA,215732,ffc72c,away,True,82,2443,Privateers,New Orleans,New Orleans Privateers,UNO,https://a.espncdn.com/i/teamlogos/ncaa/500/2443.png,005da6,a2a9ae,78
401808917,2026,2,2026-03-02 00:00:00+00:00,2026-03-02 20:00:00-05:00,5243104,Kyle Edison,2545,Lions,SE Louisiana,SE Louisiana,,,,,,,,,,,,,,,,,False,False,True,False,5,K. Edison,https://a.espncdn.com/i/headshots/mens-college-basketball/players/full/5243104.png,Guard,G,SE Louisiana Lions,s:40~l:41~t:2545,se-louisiana-lions,https://a.espncdn.com/i/teamlogos/ncaa/500/2545.png,SELA,215732,ffc72c,away,True,82,2443,Privateers,New Orleans,New Orleans Privateers,UNO,https://a.espncdn.com/i/teamlogos/ncaa/500/2443.png,005da6,a2a9ae,78
401808917,2026,2,2026-03-02 00:00:00+00:00,2026-03-02 20:00:00-05:00,5240906,Seth Jones,2545,Lions,SE Louisiana,SE Louisiana,,,,,,,,,,,,,,,,,False,False,True,False,7,S. Jones,https://a.espncdn.com/i/headshots/mens-college-basketball/players/full/5240906.png,Guard,G,SE Louisiana Lions,s:40~l:41~t:2545,se-louisiana-lions,https://a.espncdn.com/i/teamlogos/ncaa/500/2545.png,SELA,215732,ffc72c,away,True,82,2443,Privateers,New Orleans,New Orleans Privateers,UNO,https://a.espncdn.com/i/teamlogos/ncaa/500/2443.png,005da6,a2a9ae,78
401808917,2026,2,2026-03-02 00:00:00+00:00,2026-03-02 20:00:00-05:00,5107520,Jalen Forrest,2545,Lions,SE Louisiana,SE Louisiana,,,,,,,,,,,,,,,,,False,False,True,False,2,J. Forrest,https://a.espncdn.com/i/headshots/mens-college-basketball/players/full/5107520.png,Guard,G,SE Louisiana Lions,s:40~l:41~t:2545,se-louisiana-lions,https://a.espncdn.com/i/teamlogos/ncaa/500/2545.png,SELA,215732,ffc72c,away,True,82,2443,Privateers,New Orleans,New Orleans Privateers,UNO,https://a.espncdn.com/i/teamlogos/ncaa/500/2443.png,005da6,a2a9ae,78
401808917,2026,2,2026-03-02 00:00:00+00:00,2026-03-02 20:00:00-05:00,4848628,MJ Thomas,2443,Privateers,New Orleans,New Orleans,27.0,2,5,0,0,0,0,3,3,6,2,2,1,3,2,4,True,False,False,True,23,MJ Thomas,https://a.espncdn.com/i/headshots/mens-college-basketball/players/full/4848628.png,Forward,F,New Orleans Privateers,s:40~l:41~t:2443,new-orleans-privateers,https://a.espncdn.com/i/teamlogos/ncaa/500/2443.png,UNO,005da6,a2a9ae,home,False,78,2545,Lions,SE Louisiana,SE Louisiana Lions,SELA,https://a.espncdn.com/i/teamlogos/ncaa/500/2545.png,215732,ffc72c,82
401808917,2026,2,2026-03-02 00:00:00+00:00,2026-03-02 20:00:00-05:00,5175360,Churchill Abass,2443,Privateers,New Orleans,New Orleans,19.0,3,5,0,0,0,2,1,4,5,0,0,0,2,5,6,True,False,False,False,9,C. Abass,https://a.espncdn.com/i/headshots/mens-college-basketball/players/full/5175360.png,Center,C,New Orleans Privateers,s:40~l:41~t:2443,new-orleans-privateers,https://a.espncdn.com/i/teamlogos/ncaa/500/2443.png,UNO,005da6,a2a9ae,home,False,78,2545,Lions,SE Louisiana,SE Louisiana Lions,SELA,https://a.espncdn.com/i/teamlogos/ncaa/500/2545.png,215732,ffc72c,82
401808917,2026,2,2026-03-02 00:00:00+00:00,2026-03-02 20:00:00-05:00,5313575,TJ Cope,2443,Privateers,New Orleans,New Orleans,7.0,1,1,0,0,0,0,0,1,1,0,0,0,3,0,2,True,False,False,False,6,TJ Cope,https://a.espncdn.com/i/headshots/mens-college-basketball/players/full/5313575.png,Guard,G,New Orleans Privateers,s:40~l:41~t:2443,new-orleans-privateers,https://a.espncdn.com/i/teamlogos/ncaa/500/2443.png,UNO,005da6,a2a9ae,home,False,78,2545,Lions,SE Louisiana,SE Louisiana Lions,SELA,https://a.espncdn.com/i/teamlogos/ncaa/500/2545.png,215732,ffc72c,82
401808917,2026,2,2026-03-02 00:00:00+00:00,2026-03-02 20:00:00-05:00,5108809,Coleton Benson,2443,Privateers,New Orleans,New Orleans,37.0,5,18,1,9,10,11,1,2,3,5,0,1,2,3,21,True,False,False,True,22,C. Benson,https://a.espncdn.com/i/headshots/mens-college-basketball/players/full/5108809.png,Guard,G,New Orleans Privateers,s:40~l:41~t:2443,new-orleans-privateers,https://a.espncdn.com/i/teamlogos/ncaa/500/2443.png,UNO,005da6,a2a9ae,home,False,78,2545,Lions,SE Louisiana,SE Louisiana Lions,SELA,https://a.espncdn.com/i/teamlogos/ncaa/500/2545.png,215732,ffc72c,82
401808917,2026,2,2026-03-02 00:00:00+00:00,2026-03-02 20:00:00-05:00,5108082,Jakevion Buckley,2443,Privateers,New Orleans,New Orleans,36.0,12,17,3,3,1,2,0,5,5,13,1,2,1,3,28,True,False,False,True,5,J. Buckley,https://a.espncdn.com/i/headshots/mens-college-basketball/players/full/5108082.png,Guard,G,New Orleans Privateers,s:40~l:41~t:2443,new-orleans-privateers,https://a.espncdn.com/i/teamlogos/ncaa/500/2443.png,UNO,005da6,a2a9ae,home,False,78,2545,Lions,SE Louisiana,SE Louisiana Lions,SELA,https://a.espncdn.com/i/teamlogos/ncaa/500/2545.png,215732,ffc72c,82
401808917,2026,2,2026-03-02 00:00:00+00:00,2026-03-02 20:00:00-05:00,5313581,Panagiotis Pagonis,2443,Privateers,New Orleans,New Orleans,13.0,0,3,0,2,2,2,0,3,3,0,0,0,0,1,2,False,False,False,False,99,P. Pagonis,,Forward,F,New Orleans Privateers,s:40~l:41~t:2443,new-orleans-privateers,https://a.espncdn.com/i/teamlogos/ncaa/500/2443.png,UNO,005da6,a2a9ae,home,False,78,2545,Lions,SE Louisiana,SE Louisiana Lions,SELA,https://a.espncdn.com/i/teamlogos/ncaa/500/2545.png,215732,ffc72c,82
401808917,2026,2,2026-03-02 00:00:00+00:00,2026-03-02 20:00:00-05:00,5313580,Enzo Boudouma,2443,Privateers,New Orleans,New Orleans,22.0,0,2,0,2,0,0,1,3,4,0,2,0,0,2,0,False,False,False,True,25,E. Boudouma,https://a.espncdn.com/i/headshots/mens-college-basketball/players/full/5313580.png,Forward,F,New Orleans Privateers,s:40~l:41~t:2443,new-orleans-privateers,https://a.espncdn.com/i/teamlogos/ncaa/500/2443.png,UNO,005da6,a2a9ae,home,False,78,2545,Lions,SE Louisiana,SE Louisiana Lions,SELA,https://a.espncdn.com/i/teamlogos/ncaa/500/2545.png,215732,ffc72c,82
401808917,2026,2,2026-03-02 00:00:00+00:00,2026-03-02 20:00:00-05:00,5313579,Kedrick Osby,2443,Privateers,New Orleans,New Orleans,35.0,4,7,1,1,2,4,3,2,5,1,1,1,0,1,11,False,False,False,True,21,K. Osby,https://a.espncdn.com/i/headshots/mens-college-basketball/players/full/5313579.png,Forward,F,New Orleans Privateers,s:40~l:41~t:2443,new-orleans-privateers,https://a.espncdn.com/i/teamlogos/ncaa/500/2443.png,UNO,005da6,a2a9ae,home,False,78,2545,Lions,SE Louisiana,SE Louisiana Lions,SELA,https://a.espncdn.com/i/teamlogos/ncaa/500/2545.png,215732,ffc72c,82
401808917,2026,2,2026-03-02 00:00:00+00:00,2026-03-02 20:00:00-05:00,4709140,Hercy Miller,2443,Privateers,New Orleans,New Orleans,4.0,2,3,0,0,0,2,0,2,2,0,0,0,2,1,4,False,False,False,False,0,H. Miller,https://a.espncdn.com/i/headshots/mens-college-basketball/players/full/4709140.png,Guard,G,New Orleans Privateers,s:40~l:41~t:2443,new-orleans-privateers,https://a.espncdn.com/i/teamlogos/ncaa/500/2443.png,UNO,005da6,a2a9ae,home,False,78,2545,Lions,SE Louisiana,SE Louisiana Lions,SELA,https://a.espncdn.com/i/teamlogos/ncaa/500/2545.png,215732,ffc72c,82
401808917,2026,2,2026-03-02 00:00:00+00:00,2026-03-02 20:00:00-05:00,5313577,Vieux Sanneh,2443,Privateers,New Orleans,New Orleans,,,,,,,,,,,,,,,,,False,False,True,False,13,V. Sanneh,https://a.espncdn.com/i/headshots/mens-college-basketball/players/full/5313577.png,Forward,F,New Orleans Privateers,s:40~l:41~t:2443,new-orleans-privateers,https://a.espncdn.com/i/teamlogos/ncaa/500/2443.png,UNO,005da6,a2a9ae,home,False,78,2545,Lions,SE Louisiana,SE Louisiana Lions,SELA,https://a.espncdn.com/i/teamlogos/ncaa/500/2545.png,215732,ffc72c,82
401808917,2026,2,2026-03-02 00:00:00+00:00,2026-03-02 20:00:00-05:00,5313576,Eze Nwakamma,2443,Privateers,New Orleans,New Orleans,,,,,,,,,,,,,,,,,False,False,True,False,10,E. Nwakamma,https://a.espncdn.com/i/headshots/mens-college-basketball/players/full/5313576.png,Forward,F,New Orleans Privateers,s:40~l:41~t:2443,new-orleans-privateers,https://a.espncdn.com/i/teamlogos/ncaa/500/2443.png,UNO,005da6,a2a9ae,home,False,78,2545,Lions,SE Louisiana,SE Louisiana Lions,SELA,https://a.espncdn.com/i/teamlogos/ncaa/500/2545.png,215732,ffc72c,82
401808917,2026,2,2026-03-02 00:00:00+00:00,2026-03-02 20:00:00-05:00,5174617,Mathok Majok,2443,Privateers,New Orleans,New Orleans,,,,,,,,,,,,,,,,,False,False,True,False,11,M. Majok,https://a.espncdn.com/i/headshots/mens-college-basketball/players/full/5174617.png,Center,C,New Orleans Privateers,s:40~l:41~t:2443,new-orleans-privateers,https://a.espncdn.com/i/teamlogos/ncaa/500/2443.png,UNO,005da6,a2a9ae,home,False,78,2545,Lions,SE Louisiana,SE Louisiana Lions,SELA,https://a.espncdn.com/i/teamlogos/ncaa/500/2545.png,215732,ffc72c,82
401808917,2026,2,2026-03-02 00:00:00+00:00,2026-03-02 20:00:00-05:00,5174289,William Patterson,2443,Privateers,New Orleans,New Orleans,,,,,,,,,,,,,,,,,False,False,True,False,20,W. Patterson,https://a.espncdn.com/i/headshots/mens-college-basketball/players/full/5174289.png,Center,C,New Orleans Privateers,s:40~l:41~t:2443,new-orleans-privateers,https://a.espncdn.com/i/teamlogos/ncaa/500/2443.png,UNO,005da6,a2a9ae,home,False,78,2545,Lions,SE Louisiana,SE Louisiana Lions,SELA,https://a.espncdn.com/i/teamlogos/ncaa/500/2545.png,215732,ffc72c,82
401808917,2026,2,2026-03-02 00:00:00+00:00,2026-03-02 20:00:00-05:00,5313578,Jamal Chretien II,2443,Privateers,New Orleans,New Orleans,,,,,,,,,,,,,,,,,False,False,True,False,15,J. Chretien II,https://a.espncdn.com/i/headshots/mens-college-basketball/players/full/5313578.png,Guard,G,New Orleans Privateers,s:40~l:41~t:2443,new-orleans-privateers,https://a.espncdn.com/i/teamlogos/ncaa/500/2443.png,UNO,005da6,a2a9ae,home,False,78,2545,Lions,SE Louisiana,SE Louisiana Lions,SELA,https://a.espncdn.com/i/teamlogos/ncaa/500/2545.png,215732,ffc72c,82
401808917,2026,2,2026-03-02 00:00:00+00:00,2026-03-02 20:00:00-05:00,5313574,Irish Coquia,2443,Privateers,New Orleans,New Orleans,,,,,,,,,,,,,,,,,False,False,True,False,3,I. Coquia,https://a.espncdn.com/i/headshots/mens-college-basketball/players/full/5313574.png,Guard,G,New Orleans Privateers,s:40~l:41~t:2443,new-orleans-privateers,https://a.espncdn.com/i/teamlogos/ncaa/500/2443.png,UNO,005da6,a2a9ae,home,False,78,2545,Lions,SE Louisiana,SE Louisiana Lions,SELA,https://a.espncdn.com/i/teamlogos/ncaa/500/2545.png,215732,ffc72c,82
401808917,2026,2,2026-03-02 00:00:00+00:00,2026-03-02 20:00:00-05:00,5115621,Grant Kemp,2443,Privateers,New Orleans,New Orleans,,,,,,,,,,,,,,,,,False,False,True,False,7,G. Kemp,https://a.espncdn.com/i/headshots/mens-college-basketball/players/full/5115621.png,Guard,G,New Orleans Privateers,s:40~l:41~t:2443,new-orleans-privateers,https://a.espncdn.com/i/teamlogos/ncaa/500/2443.png,UNO,005da6,a2a9ae,home,False,78,2545,Lions,SE Louisiana,SE Louisiana Lions,SELA,https://a.espncdn.com/i/teamlogos/ncaa/500/2545.png,215732,ffc72c,82
401808723,2026,2,2026-03-02 00:00:00+00:00,2026-03-02 20:00:00-05:00,5313493,Noah Pagotto,2837,Lions,East Texas A&M,E Texas A&M,33.0,6,10,1,3,4,5,2,4,6,4,1,0,2,4,17,True,False,False,True,13,N. Pagotto,https://a.espncdn.com/i/headshots/mens-college-basketball/players/full/5313493.png,Forward,F,East Texas A&M Lions,s:40~l:41~t:2837,east-texas-am-lions,https://a.espncdn.com/i/teamlogos/ncaa/500/2837.png,ETAM,000000,,away,False,71,357,Islanders,Texas A&M-Corpus Christi,Texas A&M-Corpus Christi Islanders,AMCC,https://a.espncdn.com/i/teamlogos/ncaa/500/357.png,0067c5,007f3e,84
401808723,2026,2,2026-03-02 00:00:00+00:00,2026-03-02 20:00:00-05:00,5241435,Ronnie Harrison,2837,Lions,East Texas A&M,E Texas A&M,20.0,6,9,0,1,2,3,0,2,2,2,2,0,2,1,14,True,False,False,False,0,R. Harrison,https://a.espncdn.com/i/headshots/mens-college-basketball/players/full/5241435.png,Forward,F,East Texas A&M Lions,s:40~l:41~t:2837,east-texas-am-lions,https://a.espncdn.com/i/teamlogos/ncaa/500/2837.png,ETAM,000000,,away,False,71,357,Islanders,Texas A&M-Corpus Christi,Texas A&M-Corpus Christi Islanders,AMCC,https://a.espncdn.com/i/teamlogos/ncaa/500/357.png,0067c5,007f3e,84
401808723,2026,2,2026-03-02 00:00:00+00:00,2026-03-02 20:00:00-05:00,4708219,Tay Mosher,2837,Lions,East Texas A&M,E Texas A&M,17.0,1,1,0,0,0,0,0,2,2,0,0,0,1,0,2,True,False,False,False,5,T. Mosher,https://a.espncdn.com/i/headshots/mens-college-basketball/players/full/4708219.png,Forward,F,East Texas A&M Lions,s:40~l:41~t:2837,east-texas-am-lions,https://a.espncdn.com/i/teamlogos/ncaa/500/2837.png,ETAM,000000,,away,False,71,357,Islanders,Texas A&M-Corpus Christi,Texas A&M-Corpus Christi Islanders,AMCC,https://a.espncdn.com/i/teamlogos/ncaa/500/357.png,0067c5,007f3e,84
401808723,2026,2,2026-03-02 00:00:00+00:00,2026-03-02 20:00:00-05:00,5250755,Damian Garcia,2837,Lions,East Texas A&M,E Texas A&M,27.0,3,5,1,2,0,2,0,0,0,1,4,0,2,3,7,True,False,False,True,8,D. Garcia,https://a.espncdn.com/i/headshots/mens-college-basketball/players/full/5250755.png,Guard,G,East Texas A&M Lions,s:40~l:41~t:2837,east-texas-am-lions,https://a.espncdn.com/i/teamlogos/ncaa/500/2837.png,ETAM,000000,,away,False,71,357,Islanders,Texas A&M-Corpus Christi,Texas A&M-Corpus Christi Islanders,AMCC,https://a.espncdn.com/i/teamlogos/ncaa/500/357.png,0067c5,007f3e,84
401808723,2026,2,2026-03-02 00:00:00+00:00,2026-03-02 20:00:00-05:00,4431815,Gianni Hunt,2837,Lions,East Texas A&M,E Texas A&M,34.0,2,8,2,6,1,4,0,2,2,6,1,0,4,2,7,True,False,False,True,25,G. Hunt,https://a.espncdn.com/i/headshots/mens-college-basketball/players/full/4431815.png,Guard,G,East Texas A&M Lions,s:40~l:41~t:2837,east-texas-am-lions,https://a.espncdn.com/i/teamlogos/ncaa/500/2837.png,ETAM,000000,,away,False,71,357,Islanders,Texas A&M-Corpus Christi,Texas A&M-Corpus Christi Islanders,AMCC,https://a.espncdn.com/i/teamlogos/ncaa/500/357.png,0067c5,007f3e,84
401808723,2026,2,2026-03-02 00:00:00+00:00,2026-03-02 20:00:00-05:00,4702889,Josh Taylor,2837,Lions,East Texas A&M,E Texas A&M,28.0,1,5,0,1,2,5,3,2,5,0,1,0,1,4,4,False,False,False,True,10,J. Taylor,https://a.espncdn.com/i/headshots/mens-college-basketball/players/full/4702889.png,Forward,F,East Texas A&M Lions,s:40~l:41~t:2837,east-texas-am-lions,https://a.espncdn.com/i/teamlogos/ncaa/500/2837.png,ETAM,000000,,away,False,71,357,Islanders,Texas A&M-Corpus Christi,Texas A&M-Corpus Christi Islanders,AMCC,https://a.espncdn.com/i/teamlogos/ncaa/500/357.png,0067c5,007f3e,84
401808723,2026,2,2026-03-02 00:00:00+00:00,2026-03-02 20:00:00-05:00,5313495,Alex McCray,2837,Lions,East Texas A&M,E Texas A&M,5.0,0,1,0,1,0,0,0,0,0,0,0,0,1,1,0,False,False,False,False,30,A. McCray,https://a.espncdn.com/i/headshots/mens-college-basketball/players/full/5313495.png,Guard,G,East Texas A&M Lions,s:40~l:41~t:2837,east-texas-am-lions,https://a.espncdn.com/i/teamlogos/ncaa/500/2837.png,ETAM,000000,,away,False,71,357,Islanders,Texas A&M-Corpus Christi,Texas A&M-Corpus Christi Islanders,AMCC,https://a.espncdn.com/i/teamlogos/ncaa/500/357.png,0067c5,007f3e,84
401808723,2026,2,2026-03-02 00:00:00+00:00,2026-03-02 20:00:00-05:00,5176688,Evan Phelps,2837,Lions,East Texas A&M,E Texas A&M,10.0,1,1,1,1,0,0,0,0,0,0,0,0,0,1,3,False,False,False,False,2,E. Phelps,https://a.espncdn.com/i/headshots/mens-college-basketball/players/full/5176688.png,Guard,G,East Texas A&M Lions,s:40~l:41~t:2837,east-texas-am-lions,https://a.espncdn.com/i/teamlogos/ncaa/500/2837.png,ETAM,000000,,away,False,71,357,Islanders,Texas A&M-Corpus Christi,Texas A&M-Corpus Christi Islanders,AMCC,https://a.espncdn.com/i/teamlogos/ncaa/500/357.png,0067c5,007f3e,84
401808723,2026,2,2026-03-02 00:00:00+00:00,2026-03-02 20:00:00-05:00,5107219,Vinny Sigona,2837,Lions,East Texas A&M,E Texas A&M,26.0,6,10,4,8,1,2,0,1,1,1,1,0,0,1,17,False,False,False,True,1,V. Sigona,https://a.espncdn.com/i/headshots/mens-college-basketball/players/full/5107219.png,Guard,G,East Texas A&M Lions,s:40~l:41~t:2837,east-texas-am-lions,https://a.espncdn.com/i/teamlogos/ncaa/500/2837.png,ETAM,000000,,away,False,71,357,Islanders,Texas A&M-Corpus Christi,Texas A&M-Corpus Christi Islanders,AMCC,https://a.espncdn.com/i/teamlogos/ncaa/500/357.png,0067c5,007f3e,84
401808723,2026,2,2026-03-02 00:00:00+00:00,2026-03-02 20:00:00-05:00,4897854,Michael Folarin,2837,Lions,East Texas A&M,E Texas A&M,,,,,,,,,,,,,,,,,False,False,True,False,7,M. Folarin,https://a.espncdn.com/i/headshots/mens-college-basketball/players/full/4897854.png,Forward,F,East Texas A&M Lions,s:40~l:41~t:2837,east-texas-am-lions,https://a.espncdn.com/i/teamlogos/ncaa/500/2837.png,ETAM,000000,,away,False,71,357,Islanders,Texas A&M-Corpus Christi,Texas A&M-Corpus Christi Islanders,AMCC,https://a.espncdn.com/i/teamlogos/ncaa/500/357.png,0067c5,007f3e,84
401808723,2026,2,2026-03-02 00:00:00+00:00,2026-03-02 20:00:00-05:00,5313494,Parker Whisenhunt,2837,Lions,East Texas A&M,E Texas A&M,,,,,,,,,,,,,,,,,False,False,True,False,20,P. Whisenhunt,https://a.espncdn.com/i/headshots/mens-college-basketball/players/full/5313494.png,Guard,G,East Texas A&M Lions,s:40~l:41~t:2837,east-texas-am-lions,https://a.espncdn.com/i/teamlogos/ncaa/500/2837.png,ETAM,000000,,away,False,71,357,Islanders,Texas A&M-Corpus Christi,Texas A&M-Corpus Christi Islanders,AMCC,https://a.espncdn.com/i/teamlogos/ncaa/500/357.png,0067c5,007f3e,84
401808723,2026,2,2026-03-02 00:00:00+00:00,2026-03-02 20:00:00-05:00,5313492,Kamren Robinson,2837,Lions,East Texas A&M,E Texas A&M,,,,,,,,,,,,,,,,,False,False,True,False,11,K. Robinson,https://a.espncdn.com/i/headshots/mens-college-basketball/players/full/5313492.png,Guard,G,East Texas A&M Lions,s:40~l:41~t:2837,east-texas-am-lions,https://a.espncdn.com/i/teamlogos/ncaa/500/2837.png,ETAM,000000,,away,False,71,357,Islanders,Texas A&M-Corpus Christi,Texas A&M-Corpus Christi Islanders,AMCC,https://a.espncdn.com/i/teamlogos/ncaa/500/357.png,0067c5,007f3e,84
401808723,2026,2,2026-03-02 00:00:00+00:00,2026-03-02 20:00:00-05:00,5243120,Chris Adlam,2837,Lions,East Texas A&M,E Texas A&M,,,,,,,,,,,,,,,,,False,False,True,False,4,C. Adlam,https://a.espncdn.com/i/headshots/mens-college-basketball/players/full/5243120.png,Guard,G,East Texas A&M Lions,s:40~l:41~t:2837,east-texas-am-lions,https://a.espncdn.com/i/teamlogos/ncaa/500/2837.png,ETAM,000000,,away,False,71,357,Islanders,Texas A&M-Corpus Christi,Texas A&M-Corpus Christi Islanders,AMCC,https://a.espncdn.com/i/teamlogos/ncaa/500/357.png,0067c5,007f3e,84
401808723,2026,2,2026-03-02 00:00:00+00:00,2026-03-02 20:00:00-05:00,5243119,Mykol Sanchez-Vega,2837,Lions,East Texas A&M,E Texas A&M,,,,,,,,,,,,,,,,,False,False,True,False,3,M. Sanchez-Vega,https://a.espncdn.com/i/headshots/mens-college-basketball/players/full/5243119.png,Guard,G,East Texas A&M Lions,s:40~l:41~t:2837,east-texas-am-lions,https://a.espncdn.com/i/teamlogos/ncaa/500/2837.png,ETAM,000000,,away,False,71,357,Islanders,Texas A&M-Corpus Christi,Texas A&M-Corpus Christi Islanders,AMCC,https://a.espncdn.com/i/teamlogos/ncaa/500/357.png,0067c5,007f3e,84
401808723,2026,2,2026-03-02 00:00:00+00:00,2026-03-02 20:00:00-05:00,5176553,London Fields,2837,Lions,East Texas A&M,E Texas A&M,,,,,,,,,,,,,,,,,False,False,True,False,6,L. Fields,https://a.espncdn.com/i/headshots/mens-college-basketball/players/full/5176553.png,Guard,G,East Texas A&M Lions,s:40~l:41~t:2837,east-texas-am-lions,https://a.espncdn.com/i/teamlogos/ncaa/500/2837.png,ETAM,000000,,away,False,71,357,Islanders,Texas A&M-Corpus Christi,Texas A&M-Corpus Christi Islanders,AMCC,https://a.espncdn.com/i/teamlogos/ncaa/500/357.png,0067c5,007f3e,84
401808723,2026,2,2026-03-02 00:00:00+00:00,2026-03-02 20:00:00-05:00,5119094,Kollin Tolbert,2837,Lions,East Texas A&M,E Texas A&M,,,,,,,,,,,,,,,,,False,False,True,False,12,K. Tolbert,https://a.espncdn.com/i/headshots/mens-college-basketball/players/full/5119094.png,Guard,G,East Texas A&M Lions,s:40~l:41~t:2837,east-texas-am-lions,https://a.espncdn.com/i/teamlogos/ncaa/500/2837.png,ETAM,000000,,away,False,71,357,Islanders,Texas A&M-Corpus Christi,Texas A&M-Corpus Christi Islanders,AMCC,https://a.espncdn.com/i/teamlogos/ncaa/500/357.png,0067c5,007f3e,84
401808723,2026,2,2026-03-02 00:00:00+00:00,2026-03-02 20:00:00-05:00,5314709,Cenker Evran,357,Islanders,Texas A&M-Corpus Christi,Texas A&M-CC,27.0,3,6,0,0,2,2,6,2,8,0,0,1,1,2,8,True,False,False,True,99,C. Evran,,Forward,F,Texas A&M-Corpus Christi Islanders,s:40~l:41~t:357,texas-am-corpus-christi-islanders,https://a.espncdn.com/i/teamlogos/ncaa/500/357.png,AMCC,0067c5,007f3e,home,True,84,2837,Lions,East Texas A&M,East Texas A&M Lions,ETAM,https://a.espncdn.com/i/teamlogos/ncaa/500/2837.png,000000,,71
401808723,2026,2,2026-03-02 00:00:00+00:00,2026-03-02 20:00:00-05:00,5243128,Sheldon Williams,357,Islanders,Texas A&M-Corpus Christi,Texas A&M-CC,27.0,7,9,0,1,5,8,2,5,7,2,2,1,1,4,19,True,False,False,True,6,S. Williams,https://a.espncdn.com/i/headshots/mens-college-basketball/players/full/5243128.png,Forward,F,Texas A&M-Corpus Christi Islanders,s:40~l:41~t:357,texas-am-corpus-christi-islanders,https://a.espncdn.com/i/teamlogos/ncaa/500/357.png,AMCC,0067c5,007f3e,home,True,84,2837,Lions,East Texas A&M,East Texas A&M Lions,ETAM,https://a.espncdn.com/i/teamlogos/ncaa/500/2837.png,000000,,71
401808723,2026,2,2026-03-02 00:00:00+00:00,2026-03-02 20:00:00-05:00,5314705,Daniel Michelini-Jackson,357,Islanders,Texas A&M-Corpus Christi,Texas A&M-CC,30.0,5,11,1,4,1,1,1,3,4,2,1,1,2,0,12,True,False,False,True,10,D. Michelini-Jackson,,Guard,G,Texas A&M-Corpus Christi Islanders,s:40~l:41~t:357,texas-am-corpus-christi-islanders,https://a.espncdn.com/i/teamlogos/ncaa/500/357.png,AMCC,0067c5,007f3e,home,True,84,2837,Lions,East Texas A&M,East Texas A&M Lions,ETAM,https://a.espncdn.com/i/teamlogos/ncaa/500/2837.png,000000,,71
401808723,2026,2,2026-03-02 00:00:00+00:00,2026-03-02 20:00:00-05:00,5241914,Nick Shogbonyo,357,Islanders,Texas A&M-Corpus Christi,Texas A&M-CC,28.0,5,11,4,9,2,2,1,7,8,1,1,0,3,2,16,True,False,False,True,1,N. Shogbonyo,https://a.espncdn.com/i/headshots/mens-college-basketball/players/full/5241914.png,Guard,G,Texas A&M-Corpus Christi Islanders,s:40~l:41~t:357,texas-am-corpus-christi-islanders,https://a.espncdn.com/i/teamlogos/ncaa/500/357.png,AMCC,0067c5,007f3e,home,True,84,2837,Lions,East Texas A&M,East Texas A&M Lions,ETAM,https://a.espncdn.com/i/teamlogos/ncaa/500/2837.png,000000,,71
401808723,2026,2,2026-03-02 00:00:00+00:00,2026-03-02 20:00:00-05:00,4585602,D'Avian Houston,357,Islanders,Texas A&M-Corpus Christi,Texas A&M-CC,27.0,1,4,1,3,3,4,0,0,0,6,1,0,1,1,6,True,False,False,True,0,D. Houston,https://a.espncdn.com/i/headshots/mens-college-basketball/players/full/4585602.png,Guard,G,Texas A&M-Corpus Christi Islanders,s:40~l:41~t:357,texas-am-corpus-christi-islanders,https://a.espncdn.com/i/teamlogos/ncaa/500/357.png,AMCC,0067c5,007f3e,home,True,84,2837,Lions,East Texas A&M,East Texas A&M Lions,ETAM,https://a.espncdn.com/i/teamlogos/ncaa/500/2837.png,000000,,71
401808723,2026,2,2026-03-02 00:00:00+00:00,2026-03-02 20:00:00-05:00,5314703,Kobi Pearson,357,Islanders,Texas A&M-Corpus Christi,Texas A&M-CC,6.0,2,3,0,0,1,1,1,2,3,0,1,1,1,1,5,False,False,False,False,5,K. Pearson,,Forward,F,Texas A&M-Corpus Christi Islanders,s:40~l:41~t:357,texas-am-corpus-christi-islanders,https://a.espncdn.com/i/teamlogos/ncaa/500/357.png,AMCC,0067c5,007f3e,home,True,84,2837,Lions,East Texas A&M,East Texas A&M Lions,ETAM,https://a.espncdn.com/i/teamlogos/ncaa/500/2837.png,000000,,71
401808723,2026,2,2026-03-02 00:00:00+00:00,2026-03-02 20:00:00-05:00,5111902,Franck Yetna,357,Islanders,Texas A&M-Corpus Christi,Texas A&M-CC,20.0,2,4,1,1,0,0,2,2,4,1,2,0,2,4,5,False,False,False,False,22,F. Yetna,,Forward,F,Texas A&M-Corpus Christi Islanders,s:40~l:41~t:357,texas-am-corpus-christi-islanders,https://a.espncdn.com/i/teamlogos/ncaa/500/357.png,AMCC,0067c5,007f3e,home,True,84,2837,Lions,East Texas A&M,East Texas A&M Lions,ETAM,https://a.espncdn.com/i/teamlogos/ncaa/500/2837.png,000000,,71
401808723,2026,2,2026-03-02 00:00:00+00:00,2026-03-02 20:00:00-05:00,5176710,Kam Parker,357,Islanders,Texas A&M-Corpus Christi,Texas A&M-CC,5.0,0,0,0,0,0,0,0,0,0,1,0,0,0,1,0,False,False,False,False,4,K. Parker,https://a.espncdn.com/i/headshots/mens-college-basketball/players/full/5176710.png,Guard,G,Texas A&M-Corpus Christi Islanders,s:40~l:41~t:357,texas-am-corpus-christi-islanders,https://a.espncdn.com/i/teamlogos/ncaa/500/357.png,AMCC,0067c5,007f3e,home,True,84,2837,Lions,East Texas A&M,East Texas A&M Lions,ETAM,https://a.espncdn.com/i/teamlogos/ncaa/500/2837.png,000000,,71
401808723,2026,2,2026-03-02 00:00:00+00:00,2026-03-02 20:00:00-05:00,5107813,Leo Torbor,357,Islanders,Texas A&M-Corpus Christi,Texas A&M-CC,15.0,2,3,0,0,0,0,0,0,0,1,1,0,1,1,4,False,False,False,False,2,L. Torbor,https://a.espncdn.com/i/headshots/mens-college-basketball/players/full/5107813.png,Guard,G,Texas A&M-Corpus Christi Islanders,s:40~l:41~t:357,texas-am-corpus-christi-islanders,https://a.espncdn.com/i/teamlogos/ncaa/500/357.png,AMCC,0067c5,007f3e,home,True,84,2837,Lions,East Texas A&M,East Texas A&M Lions,ETAM,https://a.espncdn.com/i/teamlogos/ncaa/500/2837.png,000000,,71
401808723,2026,2,2026-03-02 00:00:00+00:00,2026-03-02 20:00:00-05:00,4898169,Mason Gibson,357,Islanders,Texas A&M-Corpus Christi,Texas A&M-CC,15.0,3,7,1,4,2,2,0,1,1,0,1,0,1,1,9,False,False,False,False,3,M. Gibson,https://a.espncdn.com/i/headshots/mens-college-basketball/players/full/4898169.png,Guard,G,Texas A&M-Corpus Christi Islanders,s:40~l:41~t:357,texas-am-corpus-christi-islanders,https://a.espncdn.com/i/teamlogos/ncaa/500/357.png,AMCC,0067c5,007f3e,home,True,84,2837,Lions,East Texas A&M,East Texas A&M Lions,ETAM,https://a.espncdn.com/i/teamlogos/ncaa/500/2837.png,000000,,71
401808723,2026,2,2026-03-02 00:00:00+00:00,2026-03-02 20:00:00-05:00,5314706,Jaden Haire,357,Islanders,Texas A&M-Corpus Christi,Texas A&M-CC,,,,,,,,,,,,,,,,,False,False,True,False,11,J. Haire,,Forward,F,Texas A&M-Corpus Christi Islanders,s:40~l:41~t:357,texas-am-corpus-christi-islanders,https://a.espncdn.com/i/teamlogos/ncaa/500/357.png,AMCC,0067c5,007f3e,home,True,84,2837,Lions,East Texas A&M,East Texas A&M Lions,ETAM,https://a.espncdn.com/i/teamlogos/ncaa/500/2837.png,000000,,71
401808723,2026,2,2026-03-02 00:00:00+00:00,2026-03-02 20:00:00-05:00,5243129,Kayden Crosby,357,Islanders,Texas A&M-Corpus Christi,Texas A&M-CC,,,,,,,,,,,,,,,,,False,False,True,False,7,K. Crosby,https://a.espncdn.com/i/headshots/mens-college-basketball/players/full/5243129.png,Forward,F,Texas A&M-Corpus Christi Islanders,s:40~l:41~t:357,texas-am-corpus-christi-islanders,https://a.espncdn.com/i/teamlogos/ncaa/500/357.png,AMCC,0067c5,007f3e,home,True,84,2837,Lions,East Texas A&M,East Texas A&M Lions,ETAM,https://a.espncdn.com/i/teamlogos/ncaa/500/2837.png,000000,,71
401808723,2026,2,2026-03-02 00:00:00+00:00,2026-03-02 20:00:00-05:00,5193275,Michael Oaks,357,Islanders,Texas A&M-Corpus Christi,Texas A&M-CC,,,,,,,,,,,,,,,,,False,False,True,False,20,M. Oaks,https://a.espncdn.com/i/headshots/mens-college-basketball/players/full/5193275.png,Forward,F,Texas A&M-Corpus Christi Islanders,s:40~l:41~t:357,texas-am-corpus-christi-islanders,https://a.espncdn.com/i/teamlogos/ncaa/500/357.png,AMCC,0067c5,007f3e,home,True,84,2837,Lions,East Texas A&M,East Texas A&M Lions,ETAM,https://a.espncdn.com/i/teamlogos/ncaa/500/2837.png,000000,,71
401808723,2026,2,2026-03-02 00:00:00+00:00,2026-03-02 20:00:00-05:00,5107267,Jamal Ambrose,357,Islanders,Texas A&M-Corpus Christi,Texas A&M-CC,,,,,,,,,,,,,,,,,False,False,True,False,24,J. Ambrose,https://a.espncdn.com/i/headshots/mens-college-basketball/players/full/5107267.png,Forward,F,Texas A&M-Corpus Christi Islanders,s:40~l:41~t:357,texas-am-corpus-christi-islanders,https://a.espncdn.com/i/teamlogos/ncaa/500/357.png,AMCC,0067c5,007f3e,home,True,84,2837,Lions,East Texas A&M,East Texas A&M Lions,ETAM,https://a.espncdn.com/i/teamlogos/ncaa/500/2837.png,000000,,71
401808723,2026,2,2026-03-02 00:00:00+00:00,2026-03-02 20:00:00-05:00,5314708,Cedric Horton,357,Islanders,Texas A&M-Corpus Christi,Texas A&M-CC,,,,,,,,,,,,,,,,,False,False,True,False,14,C. Horton,,Guard,G,Texas A&M-Corpus Christi Islanders,s:40~l:41~t:357,texas-am-corpus-christi-islanders,https://a.espncdn.com/i/teamlogos/ncaa/500/357.png,AMCC,0067c5,007f3e,home,True,84,2837,Lions,East Texas A&M,East Texas A&M Lions,ETAM,https://a.espncdn.com/i/teamlogos/ncaa/500/2837.png,000000,,71
401808723,2026,2,2026-03-02 00:00:00+00:00,2026-03-02 20:00:00-05:00,5314707,Trenton Pane,357,Islanders,Texas A&M-Corpus Christi,Texas A&M-CC,,,,,,,,,,,,,,,,,False,False,True,False,13,T. Pane,,Guard,G,Texas A&M-Corpus Christi Islanders,s:40~l:41~t:357,texas-am-corpus-christi-islanders,https://a.espncdn.com/i/teamlogos/ncaa/500/357.png,AMCC,0067c5,007f3e,home,True,84,2837,Lions,East Texas A&M,East Texas A&M Lions,ETAM,https://a.espncdn.com/i/teamlogos/ncaa/500/2837.png,000000,,71
401808723,2026,2,2026-03-02 00:00:00+00:00,2026-03-02 20:00:00-05:00,5314704,Bryson Wheatfall,357,Islanders,Texas A&M-Corpus Christi,Texas A&M-CC,,,,,,,,,,,,,,,,,False,False,True,False,8,B. Wheatfall,,Guard,G,Texas A&M-Corpus Christi Islanders,s:40~l:41~t:357,texas-am-corpus-christi-islanders,https://a.espncdn.com/i/teamlogos/ncaa/500/357.png,AMCC,0067c5,007f3e,home,True,84,2837,Lions,East Texas A&M,East Texas A&M Lions,ETAM,https://a.espncdn.com/i/teamlogos/ncaa/500/2837.png,000000,,71
401808522,2026,2,2026-03-02 00:00:00+00:00,2026-03-02 20:00:00-05:00,5313225,Christian King,147,Bobcats,Montana State,Montana St,34.0,7,13,4,9,0,0,0,2,2,2,1,0,2,2,18,True,False,False,True,7,C. King,https://a.espncdn.com/i/headshots/mens-college-basketball/players/full/5313225.png,Forward,F,Montana State Bobcats,s:40~l:41~t:147,montana-state-bobcats,https://a.espncdn.com/i/teamlogos/ncaa/500/147.png,MTST,00205c,bc955c,away,True,76,2464,Lumberjacks,Northern Arizona,Northern Arizona Lumberjacks,NAU,https://a.espncdn.com/i/teamlogos/ncaa/500/2464.png,003976,1b3069,65
401808522,2026,2,2026-03-02 00:00:00+00:00,2026-03-02 20:00:00-05:00,4433615,Chris Hodges,147,Bobcats,Montana State,Montana St,13.0,4,7,0,0,2,3,1,1,2,0,0,2,0,2,10,True,False,False,False,21,C. Hodges,https://a.espncdn.com/i/headshots/mens-college-basketball/players/full/4433615.png,Forward,F,Montana State Bobcats,s:40~l:41~t:147,montana-state-bobcats,https://a.espncdn.com/i/teamlogos/ncaa/500/147.png,MTST,00205c,bc955c,away,True,76,2464,Lumberjacks,Northern Arizona,Northern Arizona Lumberjacks,NAU,https://a.espncdn.com/i/teamlogos/ncaa/500/2464.png,003976,1b3069,65
401808522,2026,2,2026-03-02 00:00:00+00:00,2026-03-02 20:00:00-05:00,5313226,Seth Amunrud,147,Bobcats,Montana State,Montana St,31.0,3,10,2,8,2,2,1,4,5,1,0,0,0,4,10,True,False,False,False,12,S. Amunrud,https://a.espncdn.com/i/headshots/mens-college-basketball/players/full/5313226.png,Guard,G,Montana State Bobcats,s:40~l:41~t:147,montana-state-bobcats,https://a.espncdn.com/i/teamlogos/ncaa/500/147.png,MTST,00205c,bc955c,away,True,76,2464,Lumberjacks,Northern Arizona,Northern Arizona Lumberjacks,NAU,https://a.espncdn.com/i/teamlogos/ncaa/500/2464.png,003976,1b3069,65
401808522,2026,2,2026-03-02 00:00:00+00:00,2026-03-02 20:00:00-05:00,5241290,Jeremiah Davis,147,Bobcats,Montana State,Montana St,28.0,3,4,0,1,0,1,0,5,5,2,2,0,1,2,6,True,False,False,True,5,J. Davis,https://a.espncdn.com/i/headshots/mens-college-basketball/players/full/5241290.png,Guard,G,Montana State Bobcats,s:40~l:41~t:147,montana-state-bobcats,https://a.espncdn.com/i/teamlogos/ncaa/500/147.png,MTST,00205c,bc955c,away,True,76,2464,Lumberjacks,Northern Arizona,Northern Arizona Lumberjacks,NAU,https://a.espncdn.com/i/teamlogos/ncaa/500/2464.png,003976,1b3069,65
401808522,2026,2,2026-03-02 00:00:00+00:00,2026-03-02 20:00:00-05:00,5107844,Jed Miller,147,Bobcats,Montana State,Montana St,36.0,4,4,3,3,2,4,1,7,8,3,0,0,2,2,13,True,False,False,True,24,J. Miller,https://a.espncdn.com/i/headshots/mens-college-basketball/players/full/5107844.png,Guard,G,Montana State Bobcats,s:40~l:41~t:147,montana-state-bobcats,https://a.espncdn.com/i/teamlogos/ncaa/500/147.png,MTST,00205c,bc955c,away,True,76,2464,Lumberjacks,Northern Arizona,Northern Arizona Lumberjacks,NAU,https://a.espncdn.com/i/teamlogos/ncaa/500/2464.png,003976,1b3069,65
401808522,2026,2,2026-03-02 00:00:00+00:00,2026-03-02 20:00:00-05:00,5061605,Jaden Steppe,147,Bobcats,Montana State,Montana St,27.0,6,10,2,3,2,3,1,2,3,1,2,0,2,0,16,False,False,False,True,44,J. Steppe,https://a.espncdn.com/i/headshots/mens-college-basketball/players/full/5061605.png,Forward,F,Montana State Bobcats,s:40~l:41~t:147,montana-state-bobcats,https://a.espncdn.com/i/teamlogos/ncaa/500/147.png,MTST,00205c,bc955c,away,True,76,2464,Lumberjacks,Northern Arizona,Northern Arizona Lumberjacks,NAU,https://a.espncdn.com/i/teamlogos/ncaa/500/2464.png,003976,1b3069,65
401808522,2026,2,2026-03-02 00:00:00+00:00,2026-03-02 20:00:00-05:00,5313222,Howie Keene,147,Bobcats,Montana State,Montana St,31.0,1,7,1,7,0,0,1,3,4,1,0,1,0,2,3,False,False,False,True,2,H. Keene,https://a.espncdn.com/i/headshots/mens-college-basketball/players/full/5313222.png,Guard,G,Montana State Bobcats,s:40~l:41~t:147,montana-state-bobcats,https://a.espncdn.com/i/teamlogos/ncaa/500/147.png,MTST,00205c,bc955c,away,True,76,2464,Lumberjacks,Northern Arizona,Northern Arizona Lumberjacks,NAU,https://a.espncdn.com/i/teamlogos/ncaa/500/2464.png,003976,1b3069,65
401808522,2026,2,2026-03-02 00:00:00+00:00,2026-03-02 20:00:00-05:00,5313227,James Steward,147,Bobcats,Montana State,Montana St,,,,,,,,,,,,,,,,,False,False,True,False,14,J. Steward,https://a.espncdn.com/i/headshots/mens-college-basketball/players/full/5313227.png,Forward,F,Montana State Bobcats,s:40~l:41~t:147,montana-state-bobcats,https://a.espncdn.com/i/teamlogos/ncaa/500/147.png,MTST,00205c,bc955c,away,True,76,2464,Lumberjacks,Northern Arizona,Northern Arizona Lumberjacks,NAU,https://a.espncdn.com/i/teamlogos/ncaa/500/2464.png,003976,1b3069,65
401808522,2026,2,2026-03-02 00:00:00+00:00,2026-03-02 20:00:00-05:00,5241294,Grayson Gaddis,147,Bobcats,Montana State,Montana St,,,,,,,,,,,,,,,,,False,False,True,False,15,G. Gaddis,https://a.espncdn.com/i/headshots/mens-college-basketball/players/full/5241294.png,Forward,F,Montana State Bobcats,s:40~l:41~t:147,montana-state-bobcats,https://a.espncdn.com/i/teamlogos/ncaa/500/147.png,MTST,00205c,bc955c,away,True,76,2464,Lumberjacks,Northern Arizona,Northern Arizona Lumberjacks,NAU,https://a.espncdn.com/i/teamlogos/ncaa/500/2464.png,003976,1b3069,65
401808522,2026,2,2026-03-02 00:00:00+00:00,2026-03-02 20:00:00-05:00,5175379,Calum Rutherfurd,147,Bobcats,Montana State,Montana St,,,,,,,,,,,,,,,,,False,False,True,False,22,C. Rutherfurd,https://a.espncdn.com/i/headshots/mens-college-basketball/players/full/5175379.png,Forward,F,Montana State Bobcats,s:40~l:41~t:147,montana-state-bobcats,https://a.espncdn.com/i/teamlogos/ncaa/500/147.png,MTST,00205c,bc955c,away,True,76,2464,Lumberjacks,Northern Arizona,Northern Arizona Lumberjacks,NAU,https://a.espncdn.com/i/teamlogos/ncaa/500/2464.png,003976,1b3069,65
401808522,2026,2,2026-03-02 00:00:00+00:00,2026-03-02 20:00:00-05:00,5174671,Waka Mbatch,147,Bobcats,Montana State,Montana St,,,,,,,,,,,,,,,,,False,False,True,False,35,W. Mbatch,https://a.espncdn.com/i/headshots/mens-college-basketball/players/full/5174671.png,Forward,F,Montana State Bobcats,s:40~l:41~t:147,montana-state-bobcats,https://a.espncdn.com/i/teamlogos/ncaa/500/147.png,MTST,00205c,bc955c,away,True,76,2464,Lumberjacks,Northern Arizona,Northern Arizona Lumberjacks,NAU,https://a.espncdn.com/i/teamlogos/ncaa/500/2464.png,003976,1b3069,65
401808522,2026,2,2026-03-02 00:00:00+00:00,2026-03-02 20:00:00-05:00,5313224,Cavin Holden,147,Bobcats,Montana State,Montana St,,,,,,,,,,,,,,,,,False,False,True,False,4,C. Holden,https://a.espncdn.com/i/headshots/mens-college-basketball/players/full/5313224.png,Guard,G,Montana State Bobcats,s:40~l:41~t:147,montana-state-bobcats,https://a.espncdn.com/i/teamlogos/ncaa/500/147.png,MTST,00205c,bc955c,away,True,76,2464,Lumberjacks,Northern Arizona,Northern Arizona Lumberjacks,NAU,https://a.espncdn.com/i/teamlogos/ncaa/500/2464.png,003976,1b3069,65
401808522,2026,2,2026-03-02 00:00:00+00:00,2026-03-02 20:00:00-05:00,5313223,CJ Purdie,147,Bobcats,Montana State,Montana St,,,,,,,,,,,,,,,,,False,False,True,False,3,C. Purdie,https://a.espncdn.com/i/headshots/mens-college-basketball/players/full/5313223.png,Guard,G,Montana State Bobcats,s:40~l:41~t:147,montana-state-bobcats,https://a.espncdn.com/i/teamlogos/ncaa/500/147.png,MTST,00205c,bc955c,away,True,76,2464,Lumberjacks,Northern Arizona,Northern Arizona Lumberjacks,NAU,https://a.espncdn.com/i/teamlogos/ncaa/500/2464.png,003976,1b3069,65
401808522,2026,2,2026-03-02 00:00:00+00:00,2026-03-02 20:00:00-05:00,5313221,Davian Brown,147,Bobcats,Montana State,Montana St,,,,,,,,,,,,,,,,,False,False,True,False,0,D. Brown,https://a.espncdn.com/i/headshots/mens-college-basketball/players/full/5313221.png,Guard,G,Montana State Bobcats,s:40~l:41~t:147,montana-state-bobcats,https://a.espncdn.com/i/teamlogos/ncaa/500/147.png,MTST,00205c,bc955c,away,True,76,2464,Lumberjacks,Northern Arizona,Northern Arizona Lumberjacks,NAU,https://a.espncdn.com/i/teamlogos/ncaa/500/2464.png,003976,1b3069,65
401808522,2026,2,2026-03-02 00:00:00+00:00,2026-03-02 20:00:00-05:00,4897923,Patrick McMahon,147,Bobcats,Montana State,Montana St,,,,,,,,,,,,,,,,,False,False,True,False,1,P. McMahon,https://a.espncdn.com/i/headshots/mens-college-basketball/players/full/4897923.png,Guard,G,Montana State Bobcats,s:40~l:41~t:147,montana-state-bobcats,https://a.espncdn.com/i/teamlogos/ncaa/500/147.png,MTST,00205c,bc955c,away,True,76,2464,Lumberjacks,Northern Arizona,Northern Arizona Lumberjacks,NAU,https://a.espncdn.com/i/teamlogos/ncaa/500/2464.png,003976,1b3069,65
401808522,2026,2,2026-03-02 00:00:00+00:00,2026-03-02 20:00:00-05:00,5176783,Traivar Jackson,2464,Lumberjacks,Northern Arizona,N Arizona,26.0,4,8,0,0,0,0,0,8,8,1,0,3,0,2,8,True,False,False,False,3,T. Jackson,https://a.espncdn.com/i/headshots/mens-college-basketball/players/full/5176783.png,Forward,F,Northern Arizona Lumberjacks,s:40~l:41~t:2464,northern-arizona-lumberjacks,https://a.espncdn.com/i/teamlogos/ncaa/500/2464.png,NAU,003976,1b3069,home,False,65,147,Bobcats,Montana State,Montana State Bobcats,MTST,https://a.espncdn.com/i/teamlogos/ncaa/500/147.png,00205c,bc955c,76
401808522,2026,2,2026-03-02 00:00:00+00:00,2026-03-02 20:00:00-05:00,4897938,Diego Campisano,2464,Lumberjacks,Northern Arizona,N Arizona,36.0,6,16,2,8,0,1,3,5,8,0,1,0,1,3,14,True,False,False,True,12,D. Campisano,https://a.espncdn.com/i/headshots/mens-college-basketball/players/full/4897938.png,Forward,F,Northern Arizona Lumberjacks,s:40~l:41~t:2464,northern-arizona-lumberjacks,https://a.espncdn.com/i/teamlogos/ncaa/500/2464.png,NAU,003976,1b3069,home,False,65,147,Bobcats,Montana State,Montana State Bobcats,MTST,https://a.espncdn.com/i/teamlogos/ncaa/500/147.png,00205c,bc955c,76
401808522,2026,2,2026-03-02 00:00:00+00:00,2026-03-02 20:00:00-05:00,5313240,Brennan Peterson,2464,Lumberjacks,Northern Arizona,N Arizona,7.0,0,1,0,1,0,0,0,0,0,0,0,0,2,0,0,True,False,False,False,7,B. Peterson,https://a.espncdn.com/i/headshots/mens-college-basketball/players/full/5313240.png,Guard,G,Northern Arizona Lumberjacks,s:40~l:41~t:2464,northern-arizona-lumberjacks,https://a.espncdn.com/i/teamlogos/ncaa/500/2464.png,NAU,003976,1b3069,home,False,65,147,Bobcats,Montana State,Montana State Bobcats,MTST,https://a.espncdn.com/i/teamlogos/ncaa/500/147.png,00205c,bc955c,76
401808522,2026,2,2026-03-02 00:00:00+00:00,2026-03-02 20:00:00-05:00,5313239,Chris Komin,2464,Lumberjacks,Northern Arizona,N Arizona,38.0,4,9,1,3,0,0,2,1,3,6,2,0,2,3,9,True,False,False,True,2,C. Komin,https://a.espncdn.com/i/headshots/mens-college-basketball/players/full/5313239.png,Guard,G,Northern Arizona Lumberjacks,s:40~l:41~t:2464,northern-arizona-lumberjacks,https://a.espncdn.com/i/teamlogos/ncaa/500/2464.png,NAU,003976,1b3069,home,False,65,147,Bobcats,Montana State,Montana State Bobcats,MTST,https://a.espncdn.com/i/teamlogos/ncaa/500/147.png,00205c,bc955c,76
401808522,2026,2,2026-03-02 00:00:00+00:00,2026-03-02 20:00:00-05:00,5107851,Ryan Abelman,2464,Lumberjacks,Northern Arizona,N Arizona,35.0,1,6,0,2,4,4,3,3,6,0,2,0,1,0,6,True,False,False,True,11,R. Abelman,https://a.espncdn.com/i/headshots/mens-college-basketball/players/full/5107851.png,Guard,G,Northern Arizona Lumberjacks,s:40~l:41~t:2464,northern-arizona-lumberjacks,https://a.espncdn.com/i/teamlogos/ncaa/500/2464.png,NAU,003976,1b3069,home,False,65,147,Bobcats,Montana State,Montana State Bobcats,MTST,https://a.espncdn.com/i/teamlogos/ncaa/500/147.png,00205c,bc955c,76
401808522,2026,2,2026-03-02 00:00:00+00:00,2026-03-02 20:00:00-05:00,5248277,Karl Poom,2464,Lumberjacks,Northern Arizona,N Arizona,8.0,1,4,0,2,0,0,0,0,0,0,0,0,2,0,2,False,False,False,False,9,K. Poom,https://a.espncdn.com/i/headshots/mens-college-basketball/players/full/5248277.png,Forward,F,Northern Arizona Lumberjacks,s:40~l:41~t:2464,northern-arizona-lumberjacks,https://a.espncdn.com/i/teamlogos/ncaa/500/2464.png,NAU,003976,1b3069,home,False,65,147,Bobcats,Montana State,Montana State Bobcats,MTST,https://a.espncdn.com/i/teamlogos/ncaa/500/147.png,00205c,bc955c,76
401808522,2026,2,2026-03-02 00:00:00+00:00,2026-03-02 20:00:00-05:00,5243033,Kavon Bradford,2464,Lumberjacks,Northern Arizona,N Arizona,0.0,0,0,0,0,0,0,0,0,0,0,0,0,0,0,0,False,False,False,False,22,K. Bradford,https://a.espncdn.com/i/headshots/mens-college-basketball/players/full/5243033.png,Guard,G,Northern Arizona Lumberjacks,s:40~l:41~t:2464,northern-arizona-lumberjacks,https://a.espncdn.com/i/teamlogos/ncaa/500/2464.png,NAU,003976,1b3069,home,False,65,147,Bobcats,Montana State,Montana State Bobcats,MTST,https://a.espncdn.com/i/teamlogos/ncaa/500/147.png,00205c,bc955c,76
401808522,2026,2,2026-03-02 00:00:00+00:00,2026-03-02 20:00:00-05:00,5176190,Arne Osojnik,2464,Lumberjacks,Northern Arizona,N Arizona,3.0,0,0,0,0,0,0,0,0,0,0,0,0,0,1,0,False,False,False,True,44,A. Osojnik,https://a.espncdn.com/i/headshots/mens-college-basketball/players/full/5176190.png,Guard,G,Northern Arizona Lumberjacks,s:40~l:41~t:2464,northern-arizona-lumberjacks,https://a.espncdn.com/i/teamlogos/ncaa/500/2464.png,NAU,003976,1b3069,home,False,65,147,Bobcats,Montana State,Montana State Bobcats,MTST,https://a.espncdn.com/i/teamlogos/ncaa/500/147.png,00205c,bc955c,76
401808522,2026,2,2026-03-02 00:00:00+00:00,2026-03-02 20:00:00-05:00,4896885,Isaiah Shaw,2464,Lumberjacks,Northern Arizona,N Arizona,13.0,0,2,0,0,0,0,0,0,0,2,0,0,0,0,0,False,False,False,False,24,I. Shaw,https://a.espncdn.com/i/headshots/mens-college-basketball/players/full/4896885.png,Guard,G,Northern Arizona Lumberjacks,s:40~l:41~t:2464,northern-arizona-lumberjacks,https://a.espncdn.com/i/teamlogos/ncaa/500/2464.png,NAU,003976,1b3069,home,False,65,147,Bobcats,Montana State,Montana State Bobcats,MTST,https://a.espncdn.com/i/teamlogos/ncaa/500/147.png,00205c,bc955c,76
401808522,2026,2,2026-03-02 00:00:00+00:00,2026-03-02 20:00:00-05:00,4888717,Oakland Fort,2464,Lumberjacks,Northern Arizona,N Arizona,34.0,10,12,4,5,2,3,0,3,3,4,0,0,1,3,26,False,False,False,True,4,O. Fort,https://a.espncdn.com/i/headshots/mens-college-basketball/players/full/4888717.png,Guard,G,Northern Arizona Lumberjacks,s:40~l:41~t:2464,northern-arizona-lumberjacks,https://a.espncdn.com/i/teamlogos/ncaa/500/2464.png,NAU,003976,1b3069,home,False,65,147,Bobcats,Montana State,Montana State Bobcats,MTST,https://a.espncdn.com/i/teamlogos/ncaa/500/147.png,00205c,bc955c,76
401808522,2026,2,2026-03-02 00:00:00+00:00,2026-03-02 20:00:00-05:00,5177696,Zack Davidson,2464,Lumberjacks,Northern Arizona,N Arizona,,,,,,,,,,,,,,,,,False,False,True,False,5,Z. Davidson,https://a.espncdn.com/i/headshots/mens-college-basketball/players/full/5177696.png,Forward,F,Northern Arizona Lumberjacks,s:40~l:41~t:2464,northern-arizona-lumberjacks,https://a.espncdn.com/i/teamlogos/ncaa/500/2464.png,NAU,003976,1b3069,home,False,65,147,Bobcats,Montana State,Montana State Bobcats,MTST,https://a.espncdn.com/i/teamlogos/ncaa/500/147.png,00205c,bc955c,76
401808522,2026,2,2026-03-02 00:00:00+00:00,2026-03-02 20:00:00-05:00,5107304,Walker Timme,2464,Lumberjacks,Northern Arizona,N Arizona,,,,,,,,,,,,,,,,,False,False,True,False,8,W. Timme,,Forward,F,Northern Arizona Lumberjacks,s:40~l:41~t:2464,northern-arizona-lumberjacks,https://a.espncdn.com/i/teamlogos/ncaa/500/2464.png,NAU,003976,1b3069,home,False,65,147,Bobcats,Montana State,Montana State Bobcats,MTST,https://a.espncdn.com/i/teamlogos/ncaa/500/147.png,00205c,bc955c,76
401808522,2026,2,2026-03-02 00:00:00+00:00,2026-03-02 20:00:00-05:00,5313241,Erez Poran,2464,Lumberjacks,Northern Arizona,N Arizona,,,,,,,,,,,,,,,,,False,False,True,False,82,E. Poran,https://a.espncdn.com/i/headshots/mens-college-basketball/players/full/5313241.png,Guard,G,Northern Arizona Lumberjacks,s:40~l:41~t:2464,northern-arizona-lumberjacks,https://a.espncdn.com/i/teamlogos/ncaa/500/2464.png,NAU,003976,1b3069,home,False,65,147,Bobcats,Montana State,Montana State Bobcats,MTST,https://a.espncdn.com/i/teamlogos/ncaa/500/147.png,00205c,bc955c,76
401808522,2026,2,2026-03-02 00:00:00+00:00,2026-03-02 20:00:00-05:00,5313238,JT Amundsen,2464,Lumberjacks,Northern Arizona,N Arizona,,,,,,,,,,,,,,,,,False,False,True,False,0,J. Amundsen,https://a.espncdn.com/i/headshots/mens-college-basketball/players/full/5313238.png,Guard,G,Northern Arizona Lumberjacks,s:40~l:41~t:2464,northern-arizona-lumberjacks,https://a.espncdn.com/i/teamlogos/ncaa/500/2464.png,NAU,003976,1b3069,home,False,65,147,Bobcats,Montana State,Montana State Bobcats,MTST,https://a.espncdn.com/i/teamlogos/ncaa/500/147.png,00205c,bc955c,76
401808512,2026,2,2026-03-02 00:00:00+00:00,2026-03-02 20:00:00-05:00,5315598,Kenyon Aguino,149,Grizzlies,Montana,Montana,26.0,5,10,0,2,0,0,0,6,6,1,0,0,2,0,10,True,False,False,False,24,K. Aguino,https://a.espncdn.com/i/headshots/mens-college-basketball/players/full/5315598.png,Forward,F,Montana Grizzlies,s:40~l:41~t:149,montana-grizzlies,https://a.espncdn.com/i/teamlogos/ncaa/500/149.png,MONT,751D4A,666666,away,False,57,2458,Bears,Northern Colorado,Northern Colorado Bears,UNCO,https://a.espncdn.com/i/teamlogos/ncaa/500/2458.png,13558D,ffc533,85
401808512,2026,2,2026-03-02 00:00:00+00:00,2026-03-02 20:00:00-05:00,4702042,Te'Jon Sawyer,149,Grizzlies,Montana,Montana,30.0,3,12,0,4,0,2,0,4,4,2,0,0,2,0,6,True,False,False,False,32,T. Sawyer,https://a.espncdn.com/i/headshots/mens-college-basketball/players/full/4702042.png,Forward,F,Montana Grizzlies,s:40~l:41~t:149,montana-grizzlies,https://a.espncdn.com/i/teamlogos/ncaa/500/149.png,MONT,751D4A,666666,away,False,57,2458,Bears,Northern Colorado,Northern Colorado Bears,UNCO,https://a.espncdn.com/i/teamlogos/ncaa/500/2458.png,13558D,ffc533,85
401808512,2026,2,2026-03-02 00:00:00+00:00,2026-03-02 20:00:00-05:00,5177694,Money Williams,149,Grizzlies,Montana,Montana,26.0,7,12,1,4,2,2,0,6,6,2,1,0,3,2,17,True,False,False,False,0,M. Williams,https://a.espncdn.com/i/headshots/mens-college-basketball/players/full/5177694.png,Guard,G,Montana Grizzlies,s:40~l:41~t:149,montana-grizzlies,https://a.espncdn.com/i/teamlogos/ncaa/500/149.png,MONT,751D4A,666666,away,False,57,2458,Bears,Northern Colorado,Northern Colorado Bears,UNCO,https://a.espncdn.com/i/teamlogos/ncaa/500/2458.png,13558D,ffc533,85
401808512,2026,2,2026-03-02 00:00:00+00:00,2026-03-02 20:00:00-05:00,5101624,Brooklyn Hicks,149,Grizzlies,Montana,Montana,20.0,2,4,1,2,0,0,1,1,2,1,1,0,2,0,5,True,False,False,False,3,B. Hicks,https://a.espncdn.com/i/headshots/mens-college-basketball/players/full/5101624.png,Guard,G,Montana Grizzlies,s:40~l:41~t:149,montana-grizzlies,https://a.espncdn.com/i/teamlogos/ncaa/500/149.png,MONT,751D4A,666666,away,False,57,2458,Bears,Northern Colorado,Northern Colorado Bears,UNCO,https://a.espncdn.com/i/teamlogos/ncaa/500/2458.png,13558D,ffc533,85
401808512,2026,2,2026-03-02 00:00:00+00:00,2026-03-02 20:00:00-05:00,5060727,Tyler Thompson,149,Grizzlies,Montana,Montana,27.0,0,4,0,2,2,2,0,5,5,2,0,2,1,2,2,True,False,False,False,4,T. Thompson,https://a.espncdn.com/i/headshots/mens-college-basketball/players/full/5060727.png,Guard,G,Montana Grizzlies,s:40~l:41~t:149,montana-grizzlies,https://a.espncdn.com/i/teamlogos/ncaa/500/149.png,MONT,751D4A,666666,away,False,57,2458,Bears,Northern Colorado,Northern Colorado Bears,UNCO,https://a.espncdn.com/i/teamlogos/ncaa/500/2458.png,13558D,ffc533,85
401808512,2026,2,2026-03-02 00:00:00+00:00,2026-03-02 20:00:00-05:00,5315595,Trae Taylor,149,Grizzlies,Montana,Montana,9.0,1,1,0,0,0,2,1,1,2,0,0,0,1,0,2,False,False,False,True,1,T. Taylor,https://a.espncdn.com/i/headshots/mens-college-basketball/players/full/5315595.png,Forward,F,Montana Grizzlies,s:40~l:41~t:149,montana-grizzlies,https://a.espncdn.com/i/teamlogos/ncaa/500/149.png,MONT,751D4A,666666,away,False,57,2458,Bears,Northern Colorado,Northern Colorado Bears,UNCO,https://a.espncdn.com/i/teamlogos/ncaa/500/2458.png,13558D,ffc533,85
401808512,2026,2,2026-03-02 00:00:00+00:00,2026-03-02 20:00:00-05:00,5106752,Amari Jedkins,149,Grizzlies,Montana,Montana,4.0,0,0,0,0,0,0,0,0,0,1,0,2,0,1,0,False,False,False,True,5,A. Jedkins,https://a.espncdn.com/i/headshots/mens-college-basketball/players/full/5106752.png,Forward,F,Montana Grizzlies,s:40~l:41~t:149,montana-grizzlies,https://a.espncdn.com/i/teamlogos/ncaa/500/149.png,MONT,751D4A,666666,away,False,57,2458,Bears,Northern Colorado,Northern Colorado Bears,UNCO,https://a.espncdn.com/i/teamlogos/ncaa/500/2458.png,13558D,ffc533,85
401808512,2026,2,2026-03-02 00:00:00+00:00,2026-03-02 20:00:00-05:00,5315596,Grant Kepley,149,Grizzlies,Montana,Montana,17.0,2,4,1,1,0,0,0,0,0,2,0,0,2,2,5,False,False,False,False,11,G. Kepley,https://a.espncdn.com/i/headshots/mens-college-basketball/players/full/5315596.png,Guard,G,Montana Grizzlies,s:40~l:41~t:149,montana-grizzlies,https://a.espncdn.com/i/teamlogos/ncaa/500/149.png,MONT,751D4A,666666,away,False,57,2458,Bears,Northern Colorado,Northern Colorado Bears,UNCO,https://a.espncdn.com/i/teamlogos/ncaa/500/2458.png,13558D,ffc533,85
401808512,2026,2,2026-03-02 00:00:00+00:00,2026-03-02 20:00:00-05:00,5177698,Connor Dick,149,Grizzlies,Montana,Montana,8.0,0,1,0,0,0,0,0,0,0,0,0,0,0,1,0,False,False,False,True,10,C. Dick,https://a.espncdn.com/i/headshots/mens-college-basketball/players/full/5177698.png,Guard,G,Montana Grizzlies,s:40~l:41~t:149,montana-grizzlies,https://a.espncdn.com/i/teamlogos/ncaa/500/149.png,MONT,751D4A,666666,away,False,57,2458,Bears,Northern Colorado,Northern Colorado Bears,UNCO,https://a.espncdn.com/i/teamlogos/ncaa/500/2458.png,13558D,ffc533,85
401808512,2026,2,2026-03-02 00:00:00+00:00,2026-03-02 20:00:00-05:00,5177695,Chase Henderson,149,Grizzlies,Montana,Montana,7.0,2,6,2,4,0,0,0,0,0,0,1,0,0,1,6,False,False,False,True,2,C. Henderson,https://a.espncdn.com/i/headshots/mens-college-basketball/players/full/5177695.png,Guard,G,Montana Grizzlies,s:40~l:41~t:149,montana-grizzlies,https://a.espncdn.com/i/teamlogos/ncaa/500/149.png,MONT,751D4A,666666,away,False,57,2458,Bears,Northern Colorado,Northern Colorado Bears,UNCO,https://a.espncdn.com/i/teamlogos/ncaa/500/2458.png,13558D,ffc533,85
401808512,2026,2,2026-03-02 00:00:00+00:00,2026-03-02 20:00:00-05:00,5106313,Tyler Isaak,149,Grizzlies,Montana,Montana,26.0,1,6,0,3,2,2,0,5,5,0,0,0,0,0,4,False,False,False,True,8,T. Isaak,https://a.espncdn.com/i/headshots/mens-college-basketball/players/full/5106313.png,Guard,G,Montana Grizzlies,s:40~l:41~t:149,montana-grizzlies,https://a.espncdn.com/i/teamlogos/ncaa/500/149.png,MONT,751D4A,666666,away,False,57,2458,Bears,Northern Colorado,Northern Colorado Bears,UNCO,https://a.espncdn.com/i/teamlogos/ncaa/500/2458.png,13558D,ffc533,85
401808512,2026,2,2026-03-02 00:00:00+00:00,2026-03-02 20:00:00-05:00,5105819,Kadyn Betts,149,Grizzlies,Montana,Montana,,,,,,,,,,,,,,,,,False,False,True,False,7,K. Betts,https://a.espncdn.com/i/headshots/mens-college-basketball/players/full/5105819.png,Forward,F,Montana Grizzlies,s:40~l:41~t:149,montana-grizzlies,https://a.espncdn.com/i/teamlogos/ncaa/500/149.png,MONT,751D4A,666666,away,False,57,2458,Bears,Northern Colorado,Northern Colorado Bears,UNCO,https://a.espncdn.com/i/teamlogos/ncaa/500/2458.png,13558D,ffc533,85
401808512,2026,2,2026-03-02 00:00:00+00:00,2026-03-02 20:00:00-05:00,5315597,Luke Moxon,149,Grizzlies,Montana,Montana,,,,,,,,,,,,,,,,,False,False,True,False,22,L. Moxon,https://a.espncdn.com/i/headshots/mens-college-basketball/players/full/5315597.png,Guard,G,Montana Grizzlies,s:40~l:41~t:149,montana-grizzlies,https://a.espncdn.com/i/teamlogos/ncaa/500/149.png,MONT,751D4A,666666,away,False,57,2458,Bears,Northern Colorado,Northern Colorado Bears,UNCO,https://a.espncdn.com/i/teamlogos/ncaa/500/2458.png,13558D,ffc533,85
401808512,2026,2,2026-03-02 00:00:00+00:00,2026-03-02 20:00:00-05:00,4685648,Courtney Anderson Jr.,149,Grizzlies,Montana,Montana,,,,,,,,,,,,,,,,,False,False,True,False,13,C. Anderson Jr.,https://a.espncdn.com/i/headshots/mens-college-basketball/players/full/4685648.png,Guard,G,Montana Grizzlies,s:40~l:41~t:149,montana-grizzlies,https://a.espncdn.com/i/teamlogos/ncaa/500/149.png,MONT,751D4A,666666,away,False,57,2458,Bears,Northern Colorado,Northern Colorado Bears,UNCO,https://a.espncdn.com/i/teamlogos/ncaa/500/2458.png,13558D,ffc533,85
401808512,2026,2,2026-03-02 00:00:00+00:00,2026-03-02 20:00:00-05:00,5241653,Ring Nyeri,2458,Bears,Northern Colorado,N Colorado,28.0,6,7,1,1,2,2,1,6,7,1,3,1,0,2,15,True,False,False,False,7,R. Nyeri,https://a.espncdn.com/i/headshots/mens-college-basketball/players/full/5241653.png,Forward,F,Northern Colorado Bears,s:40~l:41~t:2458,northern-colorado-bears,https://a.espncdn.com/i/teamlogos/ncaa/500/2458.png,UNCO,13558D,ffc533,home,True,85,149,Grizzlies,Montana,Montana Grizzlies,MONT,https://a.espncdn.com/i/teamlogos/ncaa/500/149.png,751D4A,666666,57
401808512,2026,2,2026-03-02 00:00:00+00:00,2026-03-02 20:00:00-05:00,5107858,Brock Wisne,2458,Bears,Northern Colorado,N Colorado,26.0,1,7,0,3,1,2,0,5,5,2,2,0,2,1,3,True,False,False,False,14,B. Wisne,https://a.espncdn.com/i/headshots/mens-college-basketball/players/full/5107858.png,Forward,F,Northern Colorado Bears,s:40~l:41~t:2458,northern-colorado-bears,https://a.espncdn.com/i/teamlogos/ncaa/500/2458.png,UNCO,13558D,ffc533,home,True,85,149,Grizzlies,Montana,Montana Grizzlies,MONT,https://a.espncdn.com/i/teamlogos/ncaa/500/149.png,751D4A,666666,57
401808512,2026,2,2026-03-02 00:00:00+00:00,2026-03-02 20:00:00-05:00,5107514,Ibu Yamazaki,2458,Bears,Northern Colorado,N Colorado,26.0,3,8,1,5,0,0,0,2,2,0,1,1,0,2,7,True,False,False,False,54,I. Yamazaki,https://a.espncdn.com/i/headshots/mens-college-basketball/players/full/5107514.png,Forward,F,Northern Colorado Bears,s:40~l:41~t:2458,northern-colorado-bears,https://a.espncdn.com/i/teamlogos/ncaa/500/2458.png,UNCO,13558D,ffc533,home,True,85,149,Grizzlies,Montana,Montana Grizzlies,MONT,https://a.espncdn.com/i/teamlogos/ncaa/500/149.png,751D4A,666666,57
401808512,2026,2,2026-03-02 00:00:00+00:00,2026-03-02 20:00:00-05:00,5176300,Quinn Denker,2458,Bears,Northern Colorado,N Colorado,32.0,6,14,2,5,2,2,1,6,7,4,0,1,0,2,16,True,False,False,False,35,Q. Denker,https://a.espncdn.com/i/headshots/mens-college-basketball/players/full/5176300.png,Guard,G,Northern Colorado Bears,s:40~l:41~t:2458,northern-colorado-bears,https://a.espncdn.com/i/teamlogos/ncaa/500/2458.png,UNCO,13558D,ffc533,home,True,85,149,Grizzlies,Montana,Montana Grizzlies,MONT,https://a.espncdn.com/i/teamlogos/ncaa/500/149.png,751D4A,666666,57
401808512,2026,2,2026-03-02 00:00:00+00:00,2026-03-02 20:00:00-05:00,4897944,Zach Bloch,2458,Bears,Northern Colorado,N Colorado,27.0,6,11,4,8,0,0,0,4,4,3,3,0,1,1,16,True,False,False,False,8,Z. Bloch,https://a.espncdn.com/i/headshots/mens-college-basketball/players/full/4897944.png,Guard,G,Northern Colorado Bears,s:40~l:41~t:2458,northern-colorado-bears,https://a.espncdn.com/i/teamlogos/ncaa/500/2458.png,UNCO,13558D,ffc533,home,True,85,149,Grizzlies,Montana,Montana Grizzlies,MONT,https://a.espncdn.com/i/teamlogos/ncaa/500/149.png,751D4A,666666,57
401808512,2026,2,2026-03-02 00:00:00+00:00,2026-03-02 20:00:00-05:00,5241298,Walker Asp,2458,Bears,Northern Colorado,N Colorado,3.0,0,1,0,1,0,0,1,0,1,0,0,0,0,0,0,False,False,False,True,0,W. Asp,https://a.espncdn.com/i/headshots/mens-college-basketball/players/full/5241298.png,Forward,F,Northern Colorado Bears,s:40~l:41~t:2458,northern-colorado-bears,https://a.espncdn.com/i/teamlogos/ncaa/500/2458.png,UNCO,13558D,ffc533,home,True,85,149,Grizzlies,Montana,Montana Grizzlies,MONT,https://a.espncdn.com/i/teamlogos/ncaa/500/149.png,751D4A,666666,57
401808512,2026,2,2026-03-02 00:00:00+00:00,2026-03-02 20:00:00-05:00,5241300,Hunter Caldwell,2458,Bears,Northern Colorado,N Colorado,7.0,2,2,1,1,0,0,0,0,0,0,0,1,0,0,5,False,False,False,True,4,H. Caldwell,https://a.espncdn.com/i/headshots/mens-college-basketball/players/full/5241300.png,Center,C,Northern Colorado Bears,s:40~l:41~t:2458,northern-colorado-bears,https://a.espncdn.com/i/teamlogos/ncaa/500/2458.png,UNCO,13558D,ffc533,home,True,85,149,Grizzlies,Montana,Montana Grizzlies,MONT,https://a.espncdn.com/i/teamlogos/ncaa/500/149.png,751D4A,666666,57
401808512,2026,2,2026-03-02 00:00:00+00:00,2026-03-02 20:00:00-05:00,5175417,Egan Shields,2458,Bears,Northern Colorado,N Colorado,16.0,4,5,0,0,1,2,0,2,2,0,0,0,1,0,9,False,False,False,False,33,E. Shields,https://a.espncdn.com/i/headshots/mens-college-basketball/players/full/5175417.png,Center,C,Northern Colorado Bears,s:40~l:41~t:2458,northern-colorado-bears,https://a.espncdn.com/i/teamlogos/ncaa/500/2458.png,UNCO,13558D,ffc533,home,True,85,149,Grizzlies,Montana,Montana Grizzlies,MONT,https://a.espncdn.com/i/teamlogos/ncaa/500/149.png,751D4A,666666,57
401808512,2026,2,2026-03-02 00:00:00+00:00,2026-03-02 20:00:00-05:00,5313253,Tanner Braketa,2458,Bears,Northern Colorado,N Colorado,5.0,2,2,2,2,0,0,0,1,1,2,0,0,0,0,6,False,False,False,True,10,T. Braketa,https://a.espncdn.com/i/headshots/mens-college-basketball/players/full/5313253.png,Guard,G,Northern Colorado Bears,s:40~l:41~t:2458,northern-colorado-bears,https://a.espncdn.com/i/teamlogos/ncaa/500/2458.png,UNCO,13558D,ffc533,home,True,85,149,Grizzlies,Montana,Montana Grizzlies,MONT,https://a.espncdn.com/i/teamlogos/ncaa/500/149.png,751D4A,666666,57
401808512,2026,2,2026-03-02 00:00:00+00:00,2026-03-02 20:00:00-05:00,5241299,Ariik Mawien,2458,Bears,Northern Colorado,N Colorado,10.0,1,3,0,2,2,2,1,3,4,0,0,0,2,2,4,False,False,False,True,3,A. Mawien,https://a.espncdn.com/i/headshots/mens-college-basketball/players/full/5241299.png,Guard,G,Northern Colorado Bears,s:40~l:41~t:2458,northern-colorado-bears,https://a.espncdn.com/i/teamlogos/ncaa/500/2458.png,UNCO,13558D,ffc533,home,True,85,149,Grizzlies,Montana,Montana Grizzlies,MONT,https://a.espncdn.com/i/teamlogos/ncaa/500/149.png,751D4A,666666,57
401808512,2026,2,2026-03-02 00:00:00+00:00,2026-03-02 20:00:00-05:00,5176494,Vincent Delano,2458,Bears,Northern Colorado,N Colorado,16.0,2,6,0,2,0,0,0,4,4,3,1,0,1,2,4,False,False,False,False,1,V. Delano,https://a.espncdn.com/i/headshots/mens-college-basketball/players/full/5176494.png,Guard,G,Northern Colorado Bears,s:40~l:41~t:2458,northern-colorado-bears,https://a.espncdn.com/i/teamlogos/ncaa/500/2458.png,UNCO,13558D,ffc533,home,True,85,149,Grizzlies,Montana,Montana Grizzlies,MONT,https://a.espncdn.com/i/teamlogos/ncaa/500/149.png,751D4A,666666,57
401808512,2026,2,2026-03-02 00:00:00+00:00,2026-03-02 20:00:00-05:00,5107217,Chancellor White,2458,Bears,Northern Colorado,N Colorado,4.0,0,1,0,0,0,0,0,2,2,0,0,0,0,0,0,False,False,False,True,11,C. White,https://a.espncdn.com/i/headshots/mens-college-basketball/players/full/5107217.png,Guard,G,Northern Colorado Bears,s:40~l:41~t:2458,northern-colorado-bears,https://a.espncdn.com/i/teamlogos/ncaa/500/2458.png,UNCO,13558D,ffc533,home,True,85,149,Grizzlies,Montana,Montana Grizzlies,MONT,https://a.espncdn.com/i/teamlogos/ncaa/500/149.png,751D4A,666666,57
401808512,2026,2,2026-03-02 00:00:00+00:00,2026-03-02 20:00:00-05:00,5176255,William Humer,2458,Bears,Northern Colorado,N Colorado,,,,,,,,,,,,,,,,,False,False,True,False,21,W. Humer,https://a.espncdn.com/i/headshots/mens-college-basketball/players/full/5176255.png,Forward,F,Northern Colorado Bears,s:40~l:41~t:2458,northern-colorado-bears,https://a.espncdn.com/i/teamlogos/ncaa/500/2458.png,UNCO,13558D,ffc533,home,True,85,149,Grizzlies,Montana,Montana Grizzlies,MONT,https://a.espncdn.com/i/teamlogos/ncaa/500/149.png,751D4A,666666,57
401808512,2026,2,2026-03-02 00:00:00+00:00,2026-03-02 20:00:00-05:00,5313254,Will Dixion III,2458,Bears,Northern Colorado,N Colorado,,,,,,,,,,,,,,,,,False,False,True,False,13,W. Dixion III,https://a.espncdn.com/i/headshots/mens-college-basketball/players/full/5313254.png,Guard,G,Northern Colorado Bears,s:40~l:41~t:2458,northern-colorado-bears,https://a.espncdn.com/i/teamlogos/ncaa/500/2458.png,UNCO,13558D,ffc533,home,True,85,149,Grizzlies,Montana,Montana Grizzlies,MONT,https://a.espncdn.com/i/teamlogos/ncaa/500/149.png,751D4A,666666,57
401808512,2026,2,2026-03-02 00:00:00+00:00,2026-03-02 20:00:00-05:00,5313252,Steven Ramirez Jr.,2458,Bears,Northern Colorado,N Colorado,,,,,,,,,,,,,,,,,False,False,True,False,5,S. Ramirez Jr.,https://a.espncdn.com/i/headshots/mens-college-basketball/players/full/5313252.png,Guard,G,Northern Colorado Bears,s:40~l:41~t:2458,northern-colorado-bears,https://a.espncdn.com/i/teamlogos/ncaa/500/2458.png,UNCO,13558D,ffc533,home,True,85,149,Grizzlies,Montana,Montana Grizzlies,MONT,https://a.espncdn.com/i/teamlogos/ncaa/500/149.png,751D4A,666666,57
401808512,2026,2,2026-03-02 00:00:00+00:00,2026-03-02 20:00:00-05:00,5313251,Kaden Ericksen,2458,Bears,Northern Colorado,N Colorado,,,,,,,,,,,,,,,,,False,False,True,False,2,K. Ericksen,https://a.espncdn.com/i/headshots/mens-college-basketball/players/full/5313251.png,Guard,G,Northern Colorado Bears,s:40~l:41~t:2458,northern-colorado-bears,https://a.espncdn.com/i/teamlogos/ncaa/500/2458.png,UNCO,13558D,ffc533,home,True,85,149,Grizzlies,Montana,Montana Grizzlies,MONT,https://a.espncdn.com/i/teamlogos/ncaa/500/149.png,751D4A,666666,57
401808975,2026,2,2026-03-02 00:00:00+00:00,2026-03-02 19:30:00-05:00,5243088,Jerald Colonel,2617,Lumberjacks,Stephen F. Austin,SF Austin,31.0,2,3,0,0,0,0,2,4,6,2,0,2,0,2,4,True,False,False,True,2,J. Colonel,https://a.espncdn.com/i/headshots/mens-college-basketball/players/full/5243088.png,Forward,F,Stephen F. Austin Lumberjacks,s:40~l:41~t:2617,stephen-f-austin-lumberjacks,https://a.espncdn.com/i/teamlogos/ncaa/500/2617.png,SFA,393996,bec0c2,away,True,76,2916,Cardinals,Incarnate Word,Incarnate Word Cardinals,UIW,https://a.espncdn.com/i/teamlogos/ncaa/500/2916.png,000000,080808,68
401808975,2026,2,2026-03-02 00:00:00+00:00,2026-03-02 19:30:00-05:00,5314591,Lateef Patrick,2617,Lumberjacks,Stephen F. Austin,SF Austin,33.0,8,11,6,7,6,6,0,5,5,1,2,0,1,2,28,True,False,False,True,11,L. Patrick,,Guard,G,Stephen F. Austin Lumberjacks,s:40~l:41~t:2617,stephen-f-austin-lumberjacks,https://a.espncdn.com/i/teamlogos/ncaa/500/2617.png,SFA,393996,bec0c2,away,True,76,2916,Cardinals,Incarnate Word,Incarnate Word Cardinals,UIW,https://a.espncdn.com/i/teamlogos/ncaa/500/2916.png,000000,080808,68
401808975,2026,2,2026-03-02 00:00:00+00:00,2026-03-02 19:30:00-05:00,5177516,Chrishawn Christmas,2617,Lumberjacks,Stephen F. Austin,SF Austin,32.0,3,6,0,0,0,2,4,5,9,3,1,1,0,1,6,True,False,False,True,1,C. Christmas,https://a.espncdn.com/i/headshots/mens-college-basketball/players/full/5177516.png,Guard,G,Stephen F. Austin Lumberjacks,s:40~l:41~t:2617,stephen-f-austin-lumberjacks,https://a.espncdn.com/i/teamlogos/ncaa/500/2617.png,SFA,393996,bec0c2,away,True,76,2916,Cardinals,Incarnate Word,Incarnate Word Cardinals,UIW,https://a.espncdn.com/i/teamlogos/ncaa/500/2916.png,000000,080808,68
401808975,2026,2,2026-03-02 00:00:00+00:00,2026-03-02 19:30:00-05:00,5176674,Kam Burton,2617,Lumberjacks,Stephen F. Austin,SF Austin,20.0,4,9,3,6,0,0,0,2,2,1,0,0,0,0,11,True,False,False,False,0,K. Burton,https://a.espncdn.com/i/headshots/mens-college-basketball/players/full/5176674.png,Guard,G,Stephen F. Austin Lumberjacks,s:40~l:41~t:2617,stephen-f-austin-lumberjacks,https://a.espncdn.com/i/teamlogos/ncaa/500/2617.png,SFA,393996,bec0c2,away,True,76,2916,Cardinals,Incarnate Word,Incarnate Word Cardinals,UIW,https://a.espncdn.com/i/teamlogos/ncaa/500/2916.png,000000,080808,68
401808975,2026,2,2026-03-02 00:00:00+00:00,2026-03-02 19:30:00-05:00,5106037,Keon Thompson,2617,Lumberjacks,Stephen F. Austin,SF Austin,33.0,6,12,0,1,0,2,0,3,3,5,0,1,2,3,12,True,False,False,True,5,K. Thompson,https://a.espncdn.com/i/headshots/mens-college-basketball/players/full/5106037.png,Guard,G,Stephen F. Austin Lumberjacks,s:40~l:41~t:2617,stephen-f-austin-lumberjacks,https://a.espncdn.com/i/teamlogos/ncaa/500/2617.png,SFA,393996,bec0c2,away,True,76,2916,Cardinals,Incarnate Word,Incarnate Word Cardinals,UIW,https://a.espncdn.com/i/teamlogos/ncaa/500/2916.png,000000,080808,68
401808975,2026,2,2026-03-02 00:00:00+00:00,2026-03-02 19:30:00-05:00,5314593,Gediminas Alisas,2617,Lumberjacks,Stephen F. Austin,SF Austin,9.0,0,0,0,0,2,2,1,1,2,0,0,0,3,2,2,False,False,False,False,17,G. Alisas,,Forward,F,Stephen F. Austin Lumberjacks,s:40~l:41~t:2617,stephen-f-austin-lumberjacks,https://a.espncdn.com/i/teamlogos/ncaa/500/2617.png,SFA,393996,bec0c2,away,True,76,2916,Cardinals,Incarnate Word,Incarnate Word Cardinals,UIW,https://a.espncdn.com/i/teamlogos/ncaa/500/2916.png,000000,080808,68
401808975,2026,2,2026-03-02 00:00:00+00:00,2026-03-02 19:30:00-05:00,5314594,Ahamed Mohammed,2617,Lumberjacks,Stephen F. Austin,SF Austin,9.0,1,4,0,1,0,1,0,0,0,0,0,0,0,1,2,False,False,False,False,21,A. Mohammed,,Guard,G,Stephen F. Austin Lumberjacks,s:40~l:41~t:2617,stephen-f-austin-lumberjacks,https://a.espncdn.com/i/teamlogos/ncaa/500/2617.png,SFA,393996,bec0c2,away,True,76,2916,Cardinals,Incarnate Word,Incarnate Word Cardinals,UIW,https://a.espncdn.com/i/teamlogos/ncaa/500/2916.png,000000,080808,68
401808975,2026,2,2026-03-02 00:00:00+00:00,2026-03-02 19:30:00-05:00,5314587,Narit Chotikavanic,2617,Lumberjacks,Stephen F. Austin,SF Austin,20.0,3,7,3,7,2,2,0,4,4,1,0,0,1,0,11,False,False,False,True,6,N. Chotikavanic,,Guard,G,Stephen F. Austin Lumberjacks,s:40~l:41~t:2617,stephen-f-austin-lumberjacks,https://a.espncdn.com/i/teamlogos/ncaa/500/2617.png,SFA,393996,bec0c2,away,True,76,2916,Cardinals,Incarnate Word,Incarnate Word Cardinals,UIW,https://a.espncdn.com/i/teamlogos/ncaa/500/2916.png,000000,080808,68
401808975,2026,2,2026-03-02 00:00:00+00:00,2026-03-02 19:30:00-05:00,5314586,Marcus Scurry,2617,Lumberjacks,Stephen F. Austin,SF Austin,5.0,0,2,0,2,0,0,0,0,0,0,0,0,0,2,0,False,False,False,False,4,M. Scurry,,Guard,G,Stephen F. Austin Lumberjacks,s:40~l:41~t:2617,stephen-f-austin-lumberjacks,https://a.espncdn.com/i/teamlogos/ncaa/500/2617.png,SFA,393996,bec0c2,away,True,76,2916,Cardinals,Incarnate Word,Incarnate Word Cardinals,UIW,https://a.espncdn.com/i/teamlogos/ncaa/500/2916.png,000000,080808,68
401808975,2026,2,2026-03-02 00:00:00+00:00,2026-03-02 19:30:00-05:00,5247636,Christian Green,2617,Lumberjacks,Stephen F. Austin,SF Austin,8.0,0,2,0,0,0,0,1,2,3,0,0,0,0,2,0,False,False,False,False,3,C. Green,,Guard,G,Stephen F. Austin Lumberjacks,s:40~l:41~t:2617,stephen-f-austin-lumberjacks,https://a.espncdn.com/i/teamlogos/ncaa/500/2617.png,SFA,393996,bec0c2,away,True,76,2916,Cardinals,Incarnate Word,Incarnate Word Cardinals,UIW,https://a.espncdn.com/i/teamlogos/ncaa/500/2916.png,000000,080808,68
401808975,2026,2,2026-03-02 00:00:00+00:00,2026-03-02 19:30:00-05:00,5314592,Eltramon Smith Jr.,2617,Lumberjacks,Stephen F. Austin,SF Austin,,,,,,,,,,,,,,,,,False,False,True,False,12,E. Smith Jr.,,Forward,F,Stephen F. Austin Lumberjacks,s:40~l:41~t:2617,stephen-f-austin-lumberjacks,https://a.espncdn.com/i/teamlogos/ncaa/500/2617.png,SFA,393996,bec0c2,away,True,76,2916,Cardinals,Incarnate Word,Incarnate Word Cardinals,UIW,https://a.espncdn.com/i/teamlogos/ncaa/500/2916.png,000000,080808,68
401808975,2026,2,2026-03-02 00:00:00+00:00,2026-03-02 19:30:00-05:00,5314590,Yohan Gutierrez,2617,Lumberjacks,Stephen F. Austin,SF Austin,,,,,,,,,,,,,,,,,False,False,True,False,10,Y. Gutierrez,,Forward,F,Stephen F. Austin Lumberjacks,s:40~l:41~t:2617,stephen-f-austin-lumberjacks,https://a.espncdn.com/i/teamlogos/ncaa/500/2617.png,SFA,393996,bec0c2,away,True,76,2916,Cardinals,Incarnate Word,Incarnate Word Cardinals,UIW,https://a.espncdn.com/i/teamlogos/ncaa/500/2916.png,000000,080808,68
401808975,2026,2,2026-03-02 00:00:00+00:00,2026-03-02 19:30:00-05:00,5175392,Tichyque Musaka,2617,Lumberjacks,Stephen F. Austin,SF Austin,,,,,,,,,,,,,,,,,False,False,True,False,7,T. Musaka,https://a.espncdn.com/i/headshots/mens-college-basketball/players/full/5175392.png,Forward,F,Stephen F. Austin Lumberjacks,s:40~l:41~t:2617,stephen-f-austin-lumberjacks,https://a.espncdn.com/i/teamlogos/ncaa/500/2617.png,SFA,393996,bec0c2,away,True,76,2916,Cardinals,Incarnate Word,Incarnate Word Cardinals,UIW,https://a.espncdn.com/i/teamlogos/ncaa/500/2916.png,000000,080808,68
401808975,2026,2,2026-03-02 00:00:00+00:00,2026-03-02 19:30:00-05:00,5314589,Harris Dar,2617,Lumberjacks,Stephen F. Austin,SF Austin,,,,,,,,,,,,,,,,,False,False,True,False,9,H. Dar,,Guard,G,Stephen F. Austin Lumberjacks,s:40~l:41~t:2617,stephen-f-austin-lumberjacks,https://a.espncdn.com/i/teamlogos/ncaa/500/2617.png,SFA,393996,bec0c2,away,True,76,2916,Cardinals,Incarnate Word,Incarnate Word Cardinals,UIW,https://a.espncdn.com/i/teamlogos/ncaa/500/2916.png,000000,080808,68
401808975,2026,2,2026-03-02 00:00:00+00:00,2026-03-02 19:30:00-05:00,5314588,Bryceson Melvin,2617,Lumberjacks,Stephen F. Austin,SF Austin,,,,,,,,,,,,,,,,,False,False,True,False,8,B. Melvin,,Guard,G,Stephen F. Austin Lumberjacks,s:40~l:41~t:2617,stephen-f-austin-lumberjacks,https://a.espncdn.com/i/teamlogos/ncaa/500/2617.png,SFA,393996,bec0c2,away,True,76,2916,Cardinals,Incarnate Word,Incarnate Word Cardinals,UIW,https://a.espncdn.com/i/teamlogos/ncaa/500/2916.png,000000,080808,68
401808975,2026,2,2026-03-02 00:00:00+00:00,2026-03-02 19:30:00-05:00,4897366,Lewis Rowe,2916,Cardinals,Incarnate Word,Incarnate Word,30.0,7,9,0,0,0,2,3,4,7,3,2,0,0,1,14,True,False,False,False,21,L. Rowe,https://a.espncdn.com/i/headshots/mens-college-basketball/players/full/4897366.png,Center,C,Incarnate Word Cardinals,s:40~l:41~t:2916,incarnate-word-cardinals,https://a.espncdn.com/i/teamlogos/ncaa/500/2916.png,UIW,000000,080808,home,False,68,2617,Lumberjacks,Stephen F. Austin,Stephen F. Austin Lumberjacks,SFA,https://a.espncdn.com/i/teamlogos/ncaa/500/2617.png,393996,bec0c2,76
401808975,2026,2,2026-03-02 00:00:00+00:00,2026-03-02 19:30:00-05:00,5176164,Davion Bailey,2916,Cardinals,Incarnate Word,Incarnate Word,40.0,8,23,4,14,1,2,1,5,6,3,0,1,3,1,21,True,False,False,True,5,D. Bailey,https://a.espncdn.com/i/headshots/mens-college-basketball/players/full/5176164.png,Guard,G,Incarnate Word Cardinals,s:40~l:41~t:2916,incarnate-word-cardinals,https://a.espncdn.com/i/teamlogos/ncaa/500/2916.png,UIW,000000,080808,home,False,68,2617,Lumberjacks,Stephen F. Austin,Stephen F. Austin Lumberjacks,SFA,https://a.espncdn.com/i/teamlogos/ncaa/500/2617.png,393996,bec0c2,76
401808975,2026,2,2026-03-02 00:00:00+00:00,2026-03-02 19:30:00-05:00,5106716,Harold Woods,2916,Cardinals,Incarnate Word,Incarnate Word,37.0,5,10,2,4,0,1,0,5,5,1,0,0,0,0,12,True,False,False,True,10,H. Woods,https://a.espncdn.com/i/headshots/mens-college-basketball/players/full/5106716.png,Guard,G,Incarnate Word Cardinals,s:40~l:41~t:2916,incarnate-word-cardinals,https://a.espncdn.com/i/teamlogos/ncaa/500/2916.png,UIW,000000,080808,home,False,68,2617,Lumberjacks,Stephen F. Austin,Stephen F. Austin Lumberjacks,SFA,https://a.espncdn.com/i/teamlogos/ncaa/500/2617.png,393996,bec0c2,76
401808975,2026,2,2026-03-02 00:00:00+00:00,2026-03-02 19:30:00-05:00,5106711,Love Bettis,2916,Cardinals,Incarnate Word,Incarnate Word,35.0,4,6,1,3,0,0,0,0,0,2,1,0,0,5,9,True,False,False,False,3,L. Bettis,https://a.espncdn.com/i/headshots/mens-college-basketball/players/full/5106711.png,Guard,G,Incarnate Word Cardinals,s:40~l:41~t:2916,incarnate-word-cardinals,https://a.espncdn.com/i/teamlogos/ncaa/500/2916.png,UIW,000000,080808,home,False,68,2617,Lumberjacks,Stephen F. Austin,Stephen F. Austin Lumberjacks,SFA,https://a.espncdn.com/i/teamlogos/ncaa/500/2617.png,393996,bec0c2,76
401808975,2026,2,2026-03-02 00:00:00+00:00,2026-03-02 19:30:00-05:00,4896368,Tahj Staveskie,2916,Cardinals,Incarnate Word,Incarnate Word,40.0,5,11,0,4,2,2,1,3,4,4,0,0,0,3,12,True,False,False,True,2,T. Staveskie,https://a.espncdn.com/i/headshots/mens-college-basketball/players/full/4896368.png,Guard,G,Incarnate Word Cardinals,s:40~l:41~t:2916,incarnate-word-cardinals,https://a.espncdn.com/i/teamlogos/ncaa/500/2916.png,UIW,000000,080808,home,False,68,2617,Lumberjacks,Stephen F. Austin,Stephen F. Austin Lumberjacks,SFA,https://a.espncdn.com/i/teamlogos/ncaa/500/2617.png,393996,bec0c2,76
401808975,2026,2,2026-03-02 00:00:00+00:00,2026-03-02 19:30:00-05:00,5176580,Marcus Glover,2916,Cardinals,Incarnate Word,Incarnate Word,14.0,0,0,0,0,0,2,0,3,3,0,0,1,0,0,0,False,False,False,True,8,M. Glover,https://a.espncdn.com/i/headshots/mens-college-basketball/players/full/5176580.png,Forward,F,Incarnate Word Cardinals,s:40~l:41~t:2916,incarnate-word-cardinals,https://a.espncdn.com/i/teamlogos/ncaa/500/2916.png,UIW,000000,080808,home,False,68,2617,Lumberjacks,Stephen F. Austin,Stephen F. Austin Lumberjacks,SFA,https://a.espncdn.com/i/teamlogos/ncaa/500/2617.png,393996,bec0c2,76
401808975,2026,2,2026-03-02 00:00:00+00:00,2026-03-02 19:30:00-05:00,5313507,Mihael Tomic,2916,Cardinals,Incarnate Word,Incarnate Word,1.0,0,0,0,0,0,0,0,0,0,0,0,0,1,0,0,False,False,False,False,9,M. Tomic,https://a.espncdn.com/i/headshots/mens-college-basketball/players/full/5313507.png,Guard,G,Incarnate Word Cardinals,s:40~l:41~t:2916,incarnate-word-cardinals,https://a.espncdn.com/i/teamlogos/ncaa/500/2916.png,UIW,000000,080808,home,False,68,2617,Lumberjacks,Stephen F. Austin,Stephen F. Austin Lumberjacks,SFA,https://a.espncdn.com/i/teamlogos/ncaa/500/2617.png,393996,bec0c2,76
401808975,2026,2,2026-03-02 00:00:00+00:00,2026-03-02 19:30:00-05:00,5108042,Amani Drummond,2916,Cardinals,Incarnate Word,Incarnate Word,3.0,0,0,0,0,0,0,0,0,0,0,0,0,0,2,0,False,False,False,True,99,A. Drummond,https://a.espncdn.com/i/headshots/mens-college-basketball/players/full/5108042.png,Guard,G,Incarnate Word Cardinals,s:40~l:41~t:2916,incarnate-word-cardinals,https://a.espncdn.com/i/teamlogos/ncaa/500/2916.png,UIW,000000,080808,home,False,68,2617,Lumberjacks,Stephen F. Austin,Stephen F. Austin Lumberjacks,SFA,https://a.espncdn.com/i/teamlogos/ncaa/500/2617.png,393996,bec0c2,76
401808975,2026,2,2026-03-02 00:00:00+00:00,2026-03-02 19:30:00-05:00,5313506,Esteban Mann,2916,Cardinals,Incarnate Word,Incarnate Word,,,,,,,,,,,,,,,,,False,False,True,False,0,E. Mann,https://a.espncdn.com/i/headshots/mens-college-basketball/players/full/5313506.png,Forward,F,Incarnate Word Cardinals,s:40~l:41~t:2916,incarnate-word-cardinals,https://a.espncdn.com/i/teamlogos/ncaa/500/2916.png,UIW,000000,080808,home,False,68,2617,Lumberjacks,Stephen F. Austin,Stephen F. Austin Lumberjacks,SFA,https://a.espncdn.com/i/teamlogos/ncaa/500/2617.png,393996,bec0c2,76
401808975,2026,2,2026-03-02 00:00:00+00:00,2026-03-02 19:30:00-05:00,5242568,Jordan Pyke,2916,Cardinals,Incarnate Word,Incarnate Word,,,,,,,,,,,,,,,,,False,False,True,False,7,J. Pyke,https://a.espncdn.com/i/headshots/mens-college-basketball/players/full/5242568.png,Forward,F,Incarnate Word Cardinals,s:40~l:41~t:2916,incarnate-word-cardinals,https://a.espncdn.com/i/teamlogos/ncaa/500/2916.png,UIW,000000,080808,home,False,68,2617,Lumberjacks,Stephen F. Austin,Stephen F. Austin Lumberjacks,SFA,https://a.espncdn.com/i/teamlogos/ncaa/500/2617.png,393996,bec0c2,76
401808975,2026,2,2026-03-02 00:00:00+00:00,2026-03-02 19:30:00-05:00,5176183,Drew Barbee,2916,Cardinals,Incarnate Word,Incarnate Word,,,,,,,,,,,,,,,,,False,False,True,False,22,D. Barbee,https://a.espncdn.com/i/headshots/mens-college-basketball/players/full/5176183.png,Forward,F,Incarnate Word Cardinals,s:40~l:41~t:2916,incarnate-word-cardinals,https://a.espncdn.com/i/teamlogos/ncaa/500/2916.png,UIW,000000,080808,home,False,68,2617,Lumberjacks,Stephen F. Austin,Stephen F. Austin Lumberjacks,SFA,https://a.espncdn.com/i/teamlogos/ncaa/500/2617.png,393996,bec0c2,76
401808975,2026,2,2026-03-02 00:00:00+00:00,2026-03-02 19:30:00-05:00,4683939,Tyler Simon,2916,Cardinals,Incarnate Word,Incarnate Word,,,,,,,,,,,,,,,,,False,False,True,False,93,T. Simon,https://a.espncdn.com/i/headshots/mens-college-basketball/players/full/4683939.png,Forward,F,Incarnate Word Cardinals,s:40~l:41~t:2916,incarnate-word-cardinals,https://a.espncdn.com/i/teamlogos/ncaa/500/2916.png,UIW,000000,080808,home,False,68,2617,Lumberjacks,Stephen F. Austin,Stephen F. Austin Lumberjacks,SFA,https://a.espncdn.com/i/teamlogos/ncaa/500/2617.png,393996,bec0c2,76
401808975,2026,2,2026-03-02 00:00:00+00:00,2026-03-02 19:30:00-05:00,4869785,Jayden Williams,2916,Cardinals,Incarnate Word,Incarnate Word,,,,,,,,,,,,,,,,,False,False,True,False,4,J. Williams,https://a.espncdn.com/i/headshots/mens-college-basketball/players/full/4869785.png,Center,C,Incarnate Word Cardinals,s:40~l:41~t:2916,incarnate-word-cardinals,https://a.espncdn.com/i/teamlogos/ncaa/500/2916.png,UIW,000000,080808,home,False,68,2617,Lumberjacks,Stephen F. Austin,Stephen F. Austin Lumberjacks,SFA,https://a.espncdn.com/i/teamlogos/ncaa/500/2617.png,393996,bec0c2,76
401808975,2026,2,2026-03-02 00:00:00+00:00,2026-03-02 19:30:00-05:00,5242569,Isaiah Kortas,2916,Cardinals,Incarnate Word,Incarnate Word,,,,,,,,,,,,,,,,,False,False,True,False,11,I. Kortas,https://a.espncdn.com/i/headshots/mens-college-basketball/players/full/5242569.png,Guard,G,Incarnate Word Cardinals,s:40~l:41~t:2916,incarnate-word-cardinals,https://a.espncdn.com/i/teamlogos/ncaa/500/2916.png,UIW,000000,080808,home,False,68,2617,Lumberjacks,Stephen F. Austin,Stephen F. Austin Lumberjacks,SFA,https://a.espncdn.com/i/teamlogos/ncaa/500/2617.png,393996,bec0c2,76
401808975,2026,2,2026-03-02 00:00:00+00:00,2026-03-02 19:30:00-05:00,5177719,Harrison Reede,2916,Cardinals,Incarnate Word,Incarnate Word,,,,,,,,,,,,,,,,,False,False,True,False,6,H. Reede,https://a.espncdn.com/i/headshots/mens-college-basketball/players/full/5177719.png,Guard,G,Incarnate Word Cardinals,s:40~l:41~t:2916,incarnate-word-cardinals,https://a.espncdn.com/i/teamlogos/ncaa/500/2916.png,UIW,000000,080808,home,False,68,2617,Lumberjacks,Stephen F. Austin,Stephen F. Austin Lumberjacks,SFA,https://a.espncdn.com/i/teamlogos/ncaa/500/2617.png,393996,bec0c2,76
401808947,2026,2,2026-03-02 00:00:00+00:00,2026-03-02 19:30:00-05:00,5243094,Willie Williams,2466,Demons,Northwestern State,N'Western St,32.0,8,11,0,0,2,2,4,7,11,3,2,1,1,3,18,True,False,False,True,23,W. Williams,https://a.espncdn.com/i/headshots/mens-college-basketball/players/full/5243094.png,Forward,F,Northwestern State Demons,s:40~l:41~t:2466,northwestern-state-demons,https://a.espncdn.com/i/teamlogos/ncaa/500/2466.png,NWST,492F91,ed6118,away,False,62,292,Vaqueros,UT Rio Grande Valley,UT Rio Grande Valley Vaqueros,RGV,https://a.espncdn.com/i/teamlogos/ncaa/500/292.png,dc6000,e1732d,74
401808947,2026,2,2026-03-02 00:00:00+00:00,2026-03-02 19:30:00-05:00,5314536,CJ Larry,2466,Demons,Northwestern State,N'Western St,21.0,2,5,0,1,1,2,0,1,1,3,0,0,3,3,5,True,False,False,True,4,C. Larry,https://a.espncdn.com/i/headshots/mens-college-basketball/players/full/5314536.png,Point Guard,PG,Northwestern State Demons,s:40~l:41~t:2466,northwestern-state-demons,https://a.espncdn.com/i/teamlogos/ncaa/500/2466.png,NWST,492F91,ed6118,away,False,62,292,Vaqueros,UT Rio Grande Valley,UT Rio Grande Valley Vaqueros,RGV,https://a.espncdn.com/i/teamlogos/ncaa/500/292.png,dc6000,e1732d,74
401808947,2026,2,2026-03-02 00:00:00+00:00,2026-03-02 19:30:00-05:00,5243089,Landyn Jumawan,2466,Demons,Northwestern State,N'Western St,28.0,1,3,1,3,3,4,1,3,4,0,0,0,0,3,6,True,False,False,False,3,L. Jumawan,https://a.espncdn.com/i/headshots/mens-college-basketball/players/full/5243089.png,Guard,G,Northwestern State Demons,s:40~l:41~t:2466,northwestern-state-demons,https://a.espncdn.com/i/teamlogos/ncaa/500/2466.png,NWST,492F91,ed6118,away,False,62,292,Vaqueros,UT Rio Grande Valley,UT Rio Grande Valley Vaqueros,RGV,https://a.espncdn.com/i/teamlogos/ncaa/500/292.png,dc6000,e1732d,74
401808947,2026,2,2026-03-02 00:00:00+00:00,2026-03-02 19:30:00-05:00,5176672,Chris Mubiru,2466,Demons,Northwestern State,N'Western St,28.0,2,8,0,2,0,0,0,5,5,1,0,0,0,2,4,True,False,False,False,11,C. Mubiru,https://a.espncdn.com/i/headshots/mens-college-basketball/players/full/5176672.png,Guard,G,Northwestern State Demons,s:40~l:41~t:2466,northwestern-state-demons,https://a.espncdn.com/i/teamlogos/ncaa/500/2466.png,NWST,492F91,ed6118,away,False,62,292,Vaqueros,UT Rio Grande Valley,UT Rio Grande Valley Vaqueros,RGV,https://a.espncdn.com/i/teamlogos/ncaa/500/292.png,dc6000,e1732d,74
401808947,2026,2,2026-03-02 00:00:00+00:00,2026-03-02 19:30:00-05:00,4897467,Micah Thomas,2466,Demons,Northwestern State,N'Western St,33.0,4,10,0,1,2,2,0,2,2,6,0,0,3,2,10,True,False,False,True,5,M. Thomas,https://a.espncdn.com/i/headshots/mens-college-basketball/players/full/4897467.png,Guard,G,Northwestern State Demons,s:40~l:41~t:2466,northwestern-state-demons,https://a.espncdn.com/i/teamlogos/ncaa/500/2466.png,NWST,492F91,ed6118,away,False,62,292,Vaqueros,UT Rio Grande Valley,UT Rio Grande Valley Vaqueros,RGV,https://a.espncdn.com/i/teamlogos/ncaa/500/292.png,dc6000,e1732d,74
401808947,2026,2,2026-03-02 00:00:00+00:00,2026-03-02 19:30:00-05:00,5314538,Kordrick Turner,2466,Demons,Northwestern State,N'Western St,10.0,0,1,0,0,0,0,0,0,0,0,0,0,0,1,0,False,False,False,False,10,K. Turner,https://a.espncdn.com/i/headshots/mens-college-basketball/players/full/5314538.png,Forward,F,Northwestern State Demons,s:40~l:41~t:2466,northwestern-state-demons,https://a.espncdn.com/i/teamlogos/ncaa/500/2466.png,NWST,492F91,ed6118,away,False,62,292,Vaqueros,UT Rio Grande Valley,UT Rio Grande Valley Vaqueros,RGV,https://a.espncdn.com/i/teamlogos/ncaa/500/292.png,dc6000,e1732d,74
401808947,2026,2,2026-03-02 00:00:00+00:00,2026-03-02 19:30:00-05:00,5176673,J.C. Riley Jr.,2466,Demons,Northwestern State,N'Western St,5.0,1,1,0,0,0,2,0,0,0,0,0,0,0,0,2,False,False,False,False,21,J.C. Riley Jr.,https://a.espncdn.com/i/headshots/mens-college-basketball/players/full/5176673.png,Center,C,Northwestern State Demons,s:40~l:41~t:2466,northwestern-state-demons,https://a.espncdn.com/i/teamlogos/ncaa/500/2466.png,NWST,492F91,ed6118,away,False,62,292,Vaqueros,UT Rio Grande Valley,UT Rio Grande Valley Vaqueros,RGV,https://a.espncdn.com/i/teamlogos/ncaa/500/292.png,dc6000,e1732d,74
401808947,2026,2,2026-03-02 00:00:00+00:00,2026-03-02 19:30:00-05:00,5176781,Izzy Miles,2466,Demons,Northwestern State,N'Western St,26.0,3,7,2,3,4,7,0,2,2,0,1,1,5,1,12,False,False,False,True,0,I. Miles,https://a.espncdn.com/i/headshots/mens-college-basketball/players/full/5176781.png,Guard,G,Northwestern State Demons,s:40~l:41~t:2466,northwestern-state-demons,https://a.espncdn.com/i/teamlogos/ncaa/500/2466.png,NWST,492F91,ed6118,away,False,62,292,Vaqueros,UT Rio Grande Valley,UT Rio Grande Valley Vaqueros,RGV,https://a.espncdn.com/i/teamlogos/ncaa/500/292.png,dc6000,e1732d,74
401808947,2026,2,2026-03-02 00:00:00+00:00,2026-03-02 19:30:00-05:00,5176415,Chip Brunt,2466,Demons,Northwestern State,N'Western St,17.0,2,2,0,0,1,3,0,1,1,1,1,0,0,0,5,False,False,False,True,1,C. Brunt,https://a.espncdn.com/i/headshots/mens-college-basketball/players/full/5176415.png,Guard,G,Northwestern State Demons,s:40~l:41~t:2466,northwestern-state-demons,https://a.espncdn.com/i/teamlogos/ncaa/500/2466.png,NWST,492F91,ed6118,away,False,62,292,Vaqueros,UT Rio Grande Valley,UT Rio Grande Valley Vaqueros,RGV,https://a.espncdn.com/i/teamlogos/ncaa/500/292.png,dc6000,e1732d,74
401808947,2026,2,2026-03-02 00:00:00+00:00,2026-03-02 19:30:00-05:00,5314537,Moustapha Loum,2466,Demons,Northwestern State,N'Western St,,,,,,,,,,,,,,,,,False,False,True,False,8,M. Loum,https://a.espncdn.com/i/headshots/mens-college-basketball/players/full/5314537.png,Forward,F,Northwestern State Demons,s:40~l:41~t:2466,northwestern-state-demons,https://a.espncdn.com/i/teamlogos/ncaa/500/2466.png,NWST,492F91,ed6118,away,False,62,292,Vaqueros,UT Rio Grande Valley,UT Rio Grande Valley Vaqueros,RGV,https://a.espncdn.com/i/teamlogos/ncaa/500/292.png,dc6000,e1732d,74
401808947,2026,2,2026-03-02 00:00:00+00:00,2026-03-02 19:30:00-05:00,5314539,Seth Ned,2466,Demons,Northwestern State,N'Western St,,,,,,,,,,,,,,,,,False,False,True,False,15,S. Ned,https://a.espncdn.com/i/headshots/mens-college-basketball/players/full/5314539.png,Guard,G,Northwestern State Demons,s:40~l:41~t:2466,northwestern-state-demons,https://a.espncdn.com/i/teamlogos/ncaa/500/2466.png,NWST,492F91,ed6118,away,False,62,292,Vaqueros,UT Rio Grande Valley,UT Rio Grande Valley Vaqueros,RGV,https://a.espncdn.com/i/teamlogos/ncaa/500/292.png,dc6000,e1732d,74
401808947,2026,2,2026-03-02 00:00:00+00:00,2026-03-02 19:30:00-05:00,5243093,Justin Redmond,2466,Demons,Northwestern State,N'Western St,,,,,,,,,,,,,,,,,False,False,True,False,13,J. Redmond,https://a.espncdn.com/i/headshots/mens-college-basketball/players/full/5243093.png,Guard,G,Northwestern State Demons,s:40~l:41~t:2466,northwestern-state-demons,https://a.espncdn.com/i/teamlogos/ncaa/500/2466.png,NWST,492F91,ed6118,away,False,62,292,Vaqueros,UT Rio Grande Valley,UT Rio Grande Valley Vaqueros,RGV,https://a.espncdn.com/i/teamlogos/ncaa/500/292.png,dc6000,e1732d,74
401808947,2026,2,2026-03-02 00:00:00+00:00,2026-03-02 19:30:00-05:00,5175654,Quentin Bolton,2466,Demons,Northwestern State,N'Western St,,,,,,,,,,,,,,,,,False,False,True,False,33,Q. Bolton,https://a.espncdn.com/i/headshots/mens-college-basketball/players/full/5175654.png,Guard,G,Northwestern State Demons,s:40~l:41~t:2466,northwestern-state-demons,https://a.espncdn.com/i/teamlogos/ncaa/500/2466.png,NWST,492F91,ed6118,away,False,62,292,Vaqueros,UT Rio Grande Valley,UT Rio Grande Valley Vaqueros,RGV,https://a.espncdn.com/i/teamlogos/ncaa/500/292.png,dc6000,e1732d,74
401808947,2026,2,2026-03-02 00:00:00+00:00,2026-03-02 19:30:00-05:00,5175026,Omar Adegbola,2466,Demons,Northwestern State,N'Western St,,,,,,,,,,,,,,,,,False,False,True,False,25,O. Adegbola,https://a.espncdn.com/i/headshots/mens-college-basketball/players/full/5175026.png,Guard,G,Northwestern State Demons,s:40~l:41~t:2466,northwestern-state-demons,https://a.espncdn.com/i/teamlogos/ncaa/500/2466.png,NWST,492F91,ed6118,away,False,62,292,Vaqueros,UT Rio Grande Valley,UT Rio Grande Valley Vaqueros,RGV,https://a.espncdn.com/i/teamlogos/ncaa/500/292.png,dc6000,e1732d,74
401808947,2026,2,2026-03-02 00:00:00+00:00,2026-03-02 19:30:00-05:00,5314736,Filip Brankovic,292,Vaqueros,UT Rio Grande Valley,UT Rio Grande,21.0,2,6,0,1,0,0,1,2,3,2,0,0,2,3,4,True,False,False,True,33,F. Brankovic,https://a.espncdn.com/i/headshots/mens-college-basketball/players/full/5314736.png,Forward,F,UT Rio Grande Valley Vaqueros,s:40~l:41~t:292,ut-rio-grande-valley-vaqueros,https://a.espncdn.com/i/teamlogos/ncaa/500/292.png,RGV,dc6000,e1732d,home,True,74,2466,Demons,Northwestern State,Northwestern State Demons,NWST,https://a.espncdn.com/i/teamlogos/ncaa/500/2466.png,492F91,ed6118,62
401808947,2026,2,2026-03-02 00:00:00+00:00,2026-03-02 19:30:00-05:00,5314734,Julien Gomez,292,Vaqueros,UT Rio Grande Valley,UT Rio Grande,20.0,0,2,0,0,0,0,0,1,1,3,2,0,1,3,0,True,False,False,True,13,J. Gomez,https://a.espncdn.com/i/headshots/mens-college-basketball/players/full/5314734.png,Guard,G,UT Rio Grande Valley Vaqueros,s:40~l:41~t:292,ut-rio-grande-valley-vaqueros,https://a.espncdn.com/i/teamlogos/ncaa/500/292.png,RGV,dc6000,e1732d,home,True,74,2466,Demons,Northwestern State,Northwestern State Demons,NWST,https://a.espncdn.com/i/teamlogos/ncaa/500/2466.png,492F91,ed6118,62
401808947,2026,2,2026-03-02 00:00:00+00:00,2026-03-02 19:30:00-05:00,5243136,Jaylen Washington,292,Vaqueros,UT Rio Grande Valley,UT Rio Grande,31.0,5,10,1,2,2,3,2,1,3,8,1,0,2,2,13,True,False,False,True,0,J. Washington,https://a.espncdn.com/i/headshots/mens-college-basketball/players/full/5243136.png,Guard,G,UT Rio Grande Valley Vaqueros,s:40~l:41~t:292,ut-rio-grande-valley-vaqueros,https://a.espncdn.com/i/teamlogos/ncaa/500/292.png,RGV,dc6000,e1732d,home,True,74,2466,Demons,Northwestern State,Northwestern State Demons,NWST,https://a.espncdn.com/i/teamlogos/ncaa/500/2466.png,492F91,ed6118,62
401808947,2026,2,2026-03-02 00:00:00+00:00,2026-03-02 19:30:00-05:00,5176333,Koree Cotton,292,Vaqueros,UT Rio Grande Valley,UT Rio Grande,32.0,8,14,4,7,1,1,0,7,7,1,0,2,2,3,21,True,False,False,True,4,K. Cotton,https://a.espncdn.com/i/headshots/mens-college-basketball/players/full/5176333.png,Guard,G,UT Rio Grande Valley Vaqueros,s:40~l:41~t:292,ut-rio-grande-valley-vaqueros,https://a.espncdn.com/i/teamlogos/ncaa/500/292.png,RGV,dc6000,e1732d,home,True,74,2466,Demons,Northwestern State,Northwestern State Demons,NWST,https://a.espncdn.com/i/teamlogos/ncaa/500/2466.png,492F91,ed6118,62
401808947,2026,2,2026-03-02 00:00:00+00:00,2026-03-02 19:30:00-05:00,5108718,Marvin McGhee III,292,Vaqueros,UT Rio Grande Valley,UT Rio Grande,33.0,5,12,2,8,1,2,0,3,3,1,2,0,0,2,13,True,False,False,True,10,M. McGhee III,https://a.espncdn.com/i/headshots/mens-college-basketball/players/full/5108718.png,Guard,G,UT Rio Grande Valley Vaqueros,s:40~l:41~t:292,ut-rio-grande-valley-vaqueros,https://a.espncdn.com/i/teamlogos/ncaa/500/292.png,RGV,dc6000,e1732d,home,True,74,2466,Demons,Northwestern State,Northwestern State Demons,NWST,https://a.espncdn.com/i/teamlogos/ncaa/500/2466.png,492F91,ed6118,62
401808947,2026,2,2026-03-02 00:00:00+00:00,2026-03-02 19:30:00-05:00,5314733,Dane Christensen,292,Vaqueros,UT Rio Grande Valley,UT Rio Grande,14.0,1,2,0,0,2,2,1,3,4,0,1,0,0,1,4,False,False,False,False,3,D. Christensen,https://a.espncdn.com/i/headshots/mens-college-basketball/players/full/5314733.png,Forward,F,UT Rio Grande Valley Vaqueros,s:40~l:41~t:292,ut-rio-grande-valley-vaqueros,https://a.espncdn.com/i/teamlogos/ncaa/500/292.png,RGV,dc6000,e1732d,home,True,74,2466,Demons,Northwestern State,Northwestern State Demons,NWST,https://a.espncdn.com/i/teamlogos/ncaa/500/2466.png,492F91,ed6118,62
401808947,2026,2,2026-03-02 00:00:00+00:00,2026-03-02 19:30:00-05:00,5176685,Kwo Agwa,292,Vaqueros,UT Rio Grande Valley,UT Rio Grande,19.0,4,6,0,1,1,2,1,2,3,0,1,0,1,4,9,False,False,False,False,12,K. Agwa,https://a.espncdn.com/i/headshots/mens-college-basketball/players/full/5176685.png,Forward,F,UT Rio Grande Valley Vaqueros,s:40~l:41~t:292,ut-rio-grande-valley-vaqueros,https://a.espncdn.com/i/teamlogos/ncaa/500/292.png,RGV,dc6000,e1732d,home,True,74,2466,Demons,Northwestern State,Northwestern State Demons,NWST,https://a.espncdn.com/i/teamlogos/ncaa/500/2466.png,492F91,ed6118,62
401808947,2026,2,2026-03-02 00:00:00+00:00,2026-03-02 19:30:00-05:00,5314732,Demarris Winters,292,Vaqueros,UT Rio Grande Valley,UT Rio Grande,18.0,2,4,2,3,0,0,1,2,3,0,0,0,0,1,6,False,False,False,False,2,D. Winters,https://a.espncdn.com/i/headshots/mens-college-basketball/players/full/5314732.png,Guard,G,UT Rio Grande Valley Vaqueros,s:40~l:41~t:292,ut-rio-grande-valley-vaqueros,https://a.espncdn.com/i/teamlogos/ncaa/500/292.png,RGV,dc6000,e1732d,home,True,74,2466,Demons,Northwestern State,Northwestern State Demons,NWST,https://a.espncdn.com/i/teamlogos/ncaa/500/2466.png,492F91,ed6118,62
401808947,2026,2,2026-03-02 00:00:00+00:00,2026-03-02 19:30:00-05:00,5174620,Always Wright,292,Vaqueros,UT Rio Grande Valley,UT Rio Grande,12.0,2,3,0,1,0,0,0,1,1,1,0,0,0,0,4,False,False,False,False,1,A. Wright,https://a.espncdn.com/i/headshots/mens-college-basketball/players/full/5174620.png,Guard,G,UT Rio Grande Valley Vaqueros,s:40~l:41~t:292,ut-rio-grande-valley-vaqueros,https://a.espncdn.com/i/teamlogos/ncaa/500/292.png,RGV,dc6000,e1732d,home,True,74,2466,Demons,Northwestern State,Northwestern State Demons,NWST,https://a.espncdn.com/i/teamlogos/ncaa/500/2466.png,492F91,ed6118,62
401808947,2026,2,2026-03-02 00:00:00+00:00,2026-03-02 19:30:00-05:00,5179289,Kye Dickson,292,Vaqueros,UT Rio Grande Valley,UT Rio Grande,,,,,,,,,,,,,,,,,False,False,True,False,7,K. Dickson,https://a.espncdn.com/i/headshots/mens-college-basketball/players/full/5179289.png,Forward,F,UT Rio Grande Valley Vaqueros,s:40~l:41~t:292,ut-rio-grande-valley-vaqueros,https://a.espncdn.com/i/teamlogos/ncaa/500/292.png,RGV,dc6000,e1732d,home,True,74,2466,Demons,Northwestern State,Northwestern State Demons,NWST,https://a.espncdn.com/i/teamlogos/ncaa/500/2466.png,492F91,ed6118,62
401808947,2026,2,2026-03-02 00:00:00+00:00,2026-03-02 19:30:00-05:00,5114447,Marshal Destremau,292,Vaqueros,UT Rio Grande Valley,UT Rio Grande,,,,,,,,,,,,,,,,,False,False,True,False,21,M. Destremau,https://a.espncdn.com/i/headshots/mens-college-basketball/players/full/5114447.png,Forward,F,UT Rio Grande Valley Vaqueros,s:40~l:41~t:292,ut-rio-grande-valley-vaqueros,https://a.espncdn.com/i/teamlogos/ncaa/500/292.png,RGV,dc6000,e1732d,home,True,74,2466,Demons,Northwestern State,Northwestern State Demons,NWST,https://a.espncdn.com/i/teamlogos/ncaa/500/2466.png,492F91,ed6118,62
401808947,2026,2,2026-03-02 00:00:00+00:00,2026-03-02 19:30:00-05:00,5182458,Mustafo Vanjov,292,Vaqueros,UT Rio Grande Valley,UT Rio Grande,,,,,,,,,,,,,,,,,False,False,True,False,35,M. Vanjov,https://a.espncdn.com/i/headshots/mens-college-basketball/players/full/5182458.png,Center,C,UT Rio Grande Valley Vaqueros,s:40~l:41~t:292,ut-rio-grande-valley-vaqueros,https://a.espncdn.com/i/teamlogos/ncaa/500/292.png,RGV,dc6000,e1732d,home,True,74,2466,Demons,Northwestern State,Northwestern State Demons,NWST,https://a.espncdn.com/i/teamlogos/ncaa/500/2466.png,492F91,ed6118,62
401808947,2026,2,2026-03-02 00:00:00+00:00,2026-03-02 19:30:00-05:00,5314735,Luis Ramirez,292,Vaqueros,UT Rio Grande Valley,UT Rio Grande,,,,,,,,,,,,,,,,,False,False,True,False,30,L. Ramirez,https://a.espncdn.com/i/headshots/mens-college-basketball/players/full/5314735.png,Guard,G,UT Rio Grande Valley Vaqueros,s:40~l:41~t:292,ut-rio-grande-valley-vaqueros,https://a.espncdn.com/i/teamlogos/ncaa/500/292.png,RGV,dc6000,e1732d,home,True,74,2466,Demons,Northwestern State,Northwestern State Demons,NWST,https://a.espncdn.com/i/teamlogos/ncaa/500/2466.png,492F91,ed6118,62
401808947,2026,2,2026-03-02 00:00:00+00:00,2026-03-02 19:30:00-05:00,5106750,Zae Blake,292,Vaqueros,UT Rio Grande Valley,UT Rio Grande,,,,,,,,,,,,,,,,,False,False,True,False,5,Z. Blake,https://a.espncdn.com/i/headshots/mens-college-basketball/players/full/5106750.png,Guard,G,UT Rio Grande Valley Vaqueros,s:40~l:41~t:292,ut-rio-grande-valley-vaqueros,https://a.espncdn.com/i/teamlogos/ncaa/500/292.png,RGV,dc6000,e1732d,home,True,74,2466,Demons,Northwestern State,Northwestern State Demons,NWST,https://a.espncdn.com/i/teamlogos/ncaa/500/2466.png,492F91,ed6118,62
401808947,2026,2,2026-03-02 00:00:00+00:00,2026-03-02 19:30:00-05:00,4711900,Jalen Ricks,292,Vaqueros,UT Rio Grande Valley,UT Rio Grande,,,,,,,,,,,,,,,,,False,False,True,False,22,J. Ricks,https://a.espncdn.com/i/headshots/mens-college-basketball/players/full/4711900.png,Guard,G,UT Rio Grande Valley Vaqueros,s:40~l:41~t:292,ut-rio-grande-valley-vaqueros,https://a.espncdn.com/i/teamlogos/ncaa/500/292.png,RGV,dc6000,e1732d,home,True,74,2466,Demons,Northwestern State,Northwestern State Demons,NWST,https://a.espncdn.com/i/teamlogos/ncaa/500/2466.png,492F91,ed6118,62
401808889,2026,2,2026-03-02 00:00:00+00:00,2026-03-02 19:30:00-05:00,5238222,Jacolb Fredson-Cole,2377,Cowboys,McNeese,McNeese,23.0,2,3,0,0,5,6,1,2,3,1,1,1,0,2,9,True,False,False,True,10,J. Fredson-Cole,https://a.espncdn.com/i/headshots/mens-college-basketball/players/full/5238222.png,Forward,F,McNeese Cowboys,s:40~l:41~t:2377,mcneese-cowboys,https://a.espncdn.com/i/teamlogos/ncaa/500/2377.png,MCN,00529C,ffd204,away,True,75,2447,Colonels,Nicholls,Nicholls Colonels,NICH,https://a.espncdn.com/i/teamlogos/ncaa/500/2447.png,C41230,f0f0f0,65
401808889,2026,2,2026-03-02 00:00:00+00:00,2026-03-02 19:30:00-05:00,4433273,Jerrell Colbert,2377,Cowboys,McNeese,McNeese,15.0,1,3,0,0,1,1,2,0,2,2,0,0,1,4,3,True,False,False,False,7,J. Colbert,https://a.espncdn.com/i/headshots/mens-college-basketball/players/full/4433273.png,Forward,F,McNeese Cowboys,s:40~l:41~t:2377,mcneese-cowboys,https://a.espncdn.com/i/teamlogos/ncaa/500/2377.png,MCN,00529C,ffd204,away,True,75,2447,Colonels,Nicholls,Nicholls Colonels,NICH,https://a.espncdn.com/i/teamlogos/ncaa/500/2447.png,C41230,f0f0f0,65
401808889,2026,2,2026-03-02 00:00:00+00:00,2026-03-02 19:30:00-05:00,5175726,Tyshawn Archie,2377,Cowboys,McNeese,McNeese,36.0,7,18,2,10,2,2,0,2,2,5,6,0,0,1,18,True,False,False,True,8,T. Archie,https://a.espncdn.com/i/headshots/mens-college-basketball/players/full/5175726.png,Guard,G,McNeese Cowboys,s:40~l:41~t:2377,mcneese-cowboys,https://a.espncdn.com/i/teamlogos/ncaa/500/2377.png,MCN,00529C,ffd204,away,True,75,2447,Colonels,Nicholls,Nicholls Colonels,NICH,https://a.espncdn.com/i/teamlogos/ncaa/500/2447.png,C41230,f0f0f0,65
401808889,2026,2,2026-03-02 00:00:00+00:00,2026-03-02 19:30:00-05:00,5144375,Larry Johnson,2377,Cowboys,McNeese,McNeese,34.0,7,14,0,4,11,13,1,5,6,0,3,0,2,1,25,True,False,False,True,6,L. Johnson,https://a.espncdn.com/i/headshots/mens-college-basketball/players/full/5144375.png,Guard,G,McNeese Cowboys,s:40~l:41~t:2377,mcneese-cowboys,https://a.espncdn.com/i/teamlogos/ncaa/500/2377.png,MCN,00529C,ffd204,away,True,75,2447,Colonels,Nicholls,Nicholls Colonels,NICH,https://a.espncdn.com/i/teamlogos/ncaa/500/2447.png,C41230,f0f0f0,65
401808889,2026,2,2026-03-02 00:00:00+00:00,2026-03-02 19:30:00-05:00,5077373,Garwey Dual,2377,Cowboys,McNeese,McNeese,28.0,1,3,0,1,4,4,0,0,0,3,2,0,1,4,6,True,False,False,True,3,G. Dual,https://a.espncdn.com/i/headshots/mens-college-basketball/players/full/5077373.png,Guard,G,McNeese Cowboys,s:40~l:41~t:2377,mcneese-cowboys,https://a.espncdn.com/i/teamlogos/ncaa/500/2377.png,MCN,00529C,ffd204,away,True,75,2447,Colonels,Nicholls,Nicholls Colonels,NICH,https://a.espncdn.com/i/teamlogos/ncaa/500/2447.png,C41230,f0f0f0,65
401808889,2026,2,2026-03-02 00:00:00+00:00,2026-03-02 19:30:00-05:00,5313569,Peitok Machar,2377,Cowboys,McNeese,McNeese,10.0,0,1,0,0,0,0,1,0,1,0,0,0,0,1,0,False,False,False,False,15,P. Machar,https://a.espncdn.com/i/headshots/mens-college-basketball/players/full/5313569.png,Forward,F,McNeese Cowboys,s:40~l:41~t:2377,mcneese-cowboys,https://a.espncdn.com/i/teamlogos/ncaa/500/2377.png,MCN,00529C,ffd204,away,True,75,2447,Colonels,Nicholls,Nicholls Colonels,NICH,https://a.espncdn.com/i/teamlogos/ncaa/500/2447.png,C41230,f0f0f0,65
401808889,2026,2,2026-03-02 00:00:00+00:00,2026-03-02 19:30:00-05:00,5175027,Yanis Ndjonga,2377,Cowboys,McNeese,McNeese,14.0,2,2,0,0,0,0,1,3,4,0,0,0,0,2,4,False,False,False,True,13,Y. Ndjonga,https://a.espncdn.com/i/headshots/mens-college-basketball/players/full/5175027.png,Forward,F,McNeese Cowboys,s:40~l:41~t:2377,mcneese-cowboys,https://a.espncdn.com/i/teamlogos/ncaa/500/2377.png,MCN,00529C,ffd204,away,True,75,2447,Colonels,Nicholls,Nicholls Colonels,NICH,https://a.espncdn.com/i/teamlogos/ncaa/500/2447.png,C41230,f0f0f0,65
401808889,2026,2,2026-03-02 00:00:00+00:00,2026-03-02 19:30:00-05:00,5106843,DJ Richards Jr.,2377,Cowboys,McNeese,McNeese,23.0,3,8,3,8,1,2,0,2,2,0,0,0,1,3,10,False,False,False,False,2,DJ Richards Jr.,https://a.espncdn.com/i/headshots/mens-college-basketball/players/full/5106843.png,Guard,G,McNeese Cowboys,s:40~l:41~t:2377,mcneese-cowboys,https://a.espncdn.com/i/teamlogos/ncaa/500/2377.png,MCN,00529C,ffd204,away,True,75,2447,Colonels,Nicholls,Nicholls Colonels,NICH,https://a.espncdn.com/i/teamlogos/ncaa/500/2447.png,C41230,f0f0f0,65
401808889,2026,2,2026-03-02 00:00:00+00:00,2026-03-02 19:30:00-05:00,4711271,Carl Cherenfant,2377,Cowboys,McNeese,McNeese,17.0,0,2,0,1,0,0,0,2,2,2,0,1,0,2,0,False,False,False,False,23,C. Cherenfant,https://a.espncdn.com/i/headshots/mens-college-basketball/players/full/4711271.png,Guard,G,McNeese Cowboys,s:40~l:41~t:2377,mcneese-cowboys,https://a.espncdn.com/i/teamlogos/ncaa/500/2377.png,MCN,00529C,ffd204,away,True,75,2447,Colonels,Nicholls,Nicholls Colonels,NICH,https://a.espncdn.com/i/teamlogos/ncaa/500/2447.png,C41230,f0f0f0,65
401808889,2026,2,2026-03-02 00:00:00+00:00,2026-03-02 19:30:00-05:00,5313570,Abdou Akim Mazou Tahirou,2377,Cowboys,McNeese,McNeese,,,,,,,,,,,,,,,,,False,False,True,False,27,A. Mazou Tahirou,https://a.espncdn.com/i/headshots/mens-college-basketball/players/full/5313570.png,Forward,F,McNeese Cowboys,s:40~l:41~t:2377,mcneese-cowboys,https://a.espncdn.com/i/teamlogos/ncaa/500/2377.png,MCN,00529C,ffd204,away,True,75,2447,Colonels,Nicholls,Nicholls Colonels,NICH,https://a.espncdn.com/i/teamlogos/ncaa/500/2447.png,C41230,f0f0f0,65
401808889,2026,2,2026-03-02 00:00:00+00:00,2026-03-02 19:30:00-05:00,5313568,Kaleb Brewer,2377,Cowboys,McNeese,McNeese,,,,,,,,,,,,,,,,,False,False,True,False,11,K. Brewer,https://a.espncdn.com/i/headshots/mens-college-basketball/players/full/5313568.png,Guard,G,McNeese Cowboys,s:40~l:41~t:2377,mcneese-cowboys,https://a.espncdn.com/i/teamlogos/ncaa/500/2377.png,MCN,00529C,ffd204,away,True,75,2447,Colonels,Nicholls,Nicholls Colonels,NICH,https://a.espncdn.com/i/teamlogos/ncaa/500/2447.png,C41230,f0f0f0,65
401808889,2026,2,2026-03-02 00:00:00+00:00,2026-03-02 19:30:00-05:00,5242577,Erik Villarreal,2377,Cowboys,McNeese,McNeese,,,,,,,,,,,,,,,,,False,False,True,False,14,E. Villarreal,https://a.espncdn.com/i/headshots/mens-college-basketball/players/full/5242577.png,Guard,G,McNeese Cowboys,s:40~l:41~t:2377,mcneese-cowboys,https://a.espncdn.com/i/teamlogos/ncaa/500/2377.png,MCN,00529C,ffd204,away,True,75,2447,Colonels,Nicholls,Nicholls Colonels,NICH,https://a.espncdn.com/i/teamlogos/ncaa/500/2447.png,C41230,f0f0f0,65
401808889,2026,2,2026-03-02 00:00:00+00:00,2026-03-02 19:30:00-05:00,5186554,JJ Rembert,2377,Cowboys,McNeese,McNeese,,,,,,,,,,,,,,,,,False,False,True,False,9,JJ Rembert,https://a.espncdn.com/i/headshots/mens-college-basketball/players/full/5186554.png,Guard,G,McNeese Cowboys,s:40~l:41~t:2377,mcneese-cowboys,https://a.espncdn.com/i/teamlogos/ncaa/500/2377.png,MCN,00529C,ffd204,away,True,75,2447,Colonels,Nicholls,Nicholls Colonels,NICH,https://a.espncdn.com/i/teamlogos/ncaa/500/2447.png,C41230,f0f0f0,65
401808889,2026,2,2026-03-02 00:00:00+00:00,2026-03-02 19:30:00-05:00,4845366,T'Johnn Brown,2377,Cowboys,McNeese,McNeese,,,,,,,,,,,,,,,,,False,False,True,False,0,T. Brown,https://a.espncdn.com/i/headshots/mens-college-basketball/players/full/4845366.png,Guard,G,McNeese Cowboys,s:40~l:41~t:2377,mcneese-cowboys,https://a.espncdn.com/i/teamlogos/ncaa/500/2377.png,MCN,00529C,ffd204,away,True,75,2447,Colonels,Nicholls,Nicholls Colonels,NICH,https://a.espncdn.com/i/teamlogos/ncaa/500/2447.png,C41230,f0f0f0,65
401808889,2026,2,2026-03-02 00:00:00+00:00,2026-03-02 19:30:00-05:00,4701125,Javohn Garcia,2377,Cowboys,McNeese,McNeese,,,,,,,,,,,,,,,,,False,False,True,False,1,J. Garcia,https://a.espncdn.com/i/headshots/mens-college-basketball/players/full/4701125.png,Guard,G,McNeese Cowboys,s:40~l:41~t:2377,mcneese-cowboys,https://a.espncdn.com/i/teamlogos/ncaa/500/2377.png,MCN,00529C,ffd204,away,True,75,2447,Colonels,Nicholls,Nicholls Colonels,NICH,https://a.espncdn.com/i/teamlogos/ncaa/500/2447.png,C41230,f0f0f0,65
401808889,2026,2,2026-03-02 00:00:00+00:00,2026-03-02 19:30:00-05:00,5107701,Sincere Malone,2447,Colonels,Nicholls,Nicholls,29.0,1,4,0,1,8,10,2,0,2,1,0,0,2,3,10,True,False,False,True,5,S. Malone,https://a.espncdn.com/i/headshots/mens-college-basketball/players/full/5107701.png,Forward,F,Nicholls Colonels,s:40~l:41~t:2447,nicholls-colonels,https://a.espncdn.com/i/teamlogos/ncaa/500/2447.png,NICH,C41230,f0f0f0,home,False,65,2377,Cowboys,McNeese,McNeese Cowboys,MCN,https://a.espncdn.com/i/teamlogos/ncaa/500/2377.png,00529C,ffd204,75
401808889,2026,2,2026-03-02 00:00:00+00:00,2026-03-02 19:30:00-05:00,5313592,Jalik Dunkley,2447,Colonels,Nicholls,Nicholls,22.0,1,4,0,1,2,4,1,2,3,0,0,0,0,1,4,True,False,False,True,22,J. Dunkley,https://a.espncdn.com/i/headshots/mens-college-basketball/players/full/5313592.png,Guard,G,Nicholls Colonels,s:40~l:41~t:2447,nicholls-colonels,https://a.espncdn.com/i/teamlogos/ncaa/500/2447.png,NICH,C41230,f0f0f0,home,False,65,2377,Cowboys,McNeese,McNeese Cowboys,MCN,https://a.espncdn.com/i/teamlogos/ncaa/500/2377.png,00529C,ffd204,75
401808889,2026,2,2026-03-02 00:00:00+00:00,2026-03-02 19:30:00-05:00,5177699,Jalin Rice,2447,Colonels,Nicholls,Nicholls,34.0,1,6,0,1,4,9,6,8,14,2,0,0,1,5,6,True,False,False,False,0,J. Rice,https://a.espncdn.com/i/headshots/mens-college-basketball/players/full/5177699.png,Guard,G,Nicholls Colonels,s:40~l:41~t:2447,nicholls-colonels,https://a.espncdn.com/i/teamlogos/ncaa/500/2447.png,NICH,C41230,f0f0f0,home,False,65,2377,Cowboys,McNeese,McNeese Cowboys,MCN,https://a.espncdn.com/i/teamlogos/ncaa/500/2377.png,00529C,ffd204,75
401808889,2026,2,2026-03-02 00:00:00+00:00,2026-03-02 19:30:00-05:00,4897548,Zee Hamoda,2447,Colonels,Nicholls,Nicholls,26.0,2,11,1,8,2,2,2,1,3,0,0,0,2,1,7,True,False,False,False,24,Z. Hamoda,https://a.espncdn.com/i/headshots/mens-college-basketball/players/full/4897548.png,Guard,G,Nicholls Colonels,s:40~l:41~t:2447,nicholls-colonels,https://a.espncdn.com/i/teamlogos/ncaa/500/2447.png,NICH,C41230,f0f0f0,home,False,65,2377,Cowboys,McNeese,McNeese Cowboys,MCN,https://a.espncdn.com/i/teamlogos/ncaa/500/2377.png,00529C,ffd204,75
401808889,2026,2,2026-03-02 00:00:00+00:00,2026-03-02 19:30:00-05:00,4897337,Trae English,2447,Colonels,Nicholls,Nicholls,40.0,7,18,4,12,2,3,3,1,4,2,0,0,5,2,20,True,False,False,True,1,T. English,https://a.espncdn.com/i/headshots/mens-college-basketball/players/full/4897337.png,Guard,G,Nicholls Colonels,s:40~l:41~t:2447,nicholls-colonels,https://a.espncdn.com/i/teamlogos/ncaa/500/2447.png,NICH,C41230,f0f0f0,home,False,65,2377,Cowboys,McNeese,McNeese Cowboys,MCN,https://a.espncdn.com/i/teamlogos/ncaa/500/2377.png,00529C,ffd204,75
401808889,2026,2,2026-03-02 00:00:00+00:00,2026-03-02 19:30:00-05:00,5116500,Grant Sanders,2447,Colonels,Nicholls,Nicholls,32.0,2,3,0,0,2,2,3,4,7,0,0,0,0,2,6,False,False,False,True,7,G. Sanders,https://a.espncdn.com/i/headshots/mens-college-basketball/players/full/5116500.png,Forward,F,Nicholls Colonels,s:40~l:41~t:2447,nicholls-colonels,https://a.espncdn.com/i/teamlogos/ncaa/500/2447.png,NICH,C41230,f0f0f0,home,False,65,2377,Cowboys,McNeese,McNeese Cowboys,MCN,https://a.espncdn.com/i/teamlogos/ncaa/500/2377.png,00529C,ffd204,75
401808889,2026,2,2026-03-02 00:00:00+00:00,2026-03-02 19:30:00-05:00,5176646,Jaylen Searles,2447,Colonels,Nicholls,Nicholls,16.0,4,9,4,8,0,0,0,4,4,3,0,0,5,4,12,False,False,False,True,3,J. Searles,https://a.espncdn.com/i/headshots/mens-college-basketball/players/full/5176646.png,Guard,G,Nicholls Colonels,s:40~l:41~t:2447,nicholls-colonels,https://a.espncdn.com/i/teamlogos/ncaa/500/2447.png,NICH,C41230,f0f0f0,home,False,65,2377,Cowboys,McNeese,McNeese Cowboys,MCN,https://a.espncdn.com/i/teamlogos/ncaa/500/2377.png,00529C,ffd204,75
401808889,2026,2,2026-03-02 00:00:00+00:00,2026-03-02 19:30:00-05:00,5105625,Nick Krass,2447,Colonels,Nicholls,Nicholls,1.0,0,0,0,0,0,0,0,0,0,0,0,0,0,0,0,False,False,False,False,21,N. Krass,https://a.espncdn.com/i/headshots/mens-college-basketball/players/full/5105625.png,Guard,G,Nicholls Colonels,s:40~l:41~t:2447,nicholls-colonels,https://a.espncdn.com/i/teamlogos/ncaa/500/2447.png,NICH,C41230,f0f0f0,home,False,65,2377,Cowboys,McNeese,McNeese Cowboys,MCN,https://a.espncdn.com/i/teamlogos/ncaa/500/2377.png,00529C,ffd204,75
401808889,2026,2,2026-03-02 00:00:00+00:00,2026-03-02 19:30:00-05:00,5190869,Domanic Betancourt,2447,Colonels,Nicholls,Nicholls,,,,,,,,,,,,,,,,,False,False,True,False,25,D. Betancourt,https://a.espncdn.com/i/headshots/mens-college-basketball/players/full/5190869.png,Forward,F,Nicholls Colonels,s:40~l:41~t:2447,nicholls-colonels,https://a.espncdn.com/i/teamlogos/ncaa/500/2447.png,NICH,C41230,f0f0f0,home,False,65,2377,Cowboys,McNeese,McNeese Cowboys,MCN,https://a.espncdn.com/i/teamlogos/ncaa/500/2377.png,00529C,ffd204,75
401808889,2026,2,2026-03-02 00:00:00+00:00,2026-03-02 19:30:00-05:00,5313591,Zaiden Cross,2447,Colonels,Nicholls,Nicholls,,,,,,,,,,,,,,,,,False,False,True,False,9,Z. Cross,https://a.espncdn.com/i/headshots/mens-college-basketball/players/full/5313591.png,Guard,G,Nicholls Colonels,s:40~l:41~t:2447,nicholls-colonels,https://a.espncdn.com/i/teamlogos/ncaa/500/2447.png,NICH,C41230,f0f0f0,home,False,65,2377,Cowboys,McNeese,McNeese Cowboys,MCN,https://a.espncdn.com/i/teamlogos/ncaa/500/2377.png,00529C,ffd204,75
401808889,2026,2,2026-03-02 00:00:00+00:00,2026-03-02 19:30:00-05:00,5313590,Jordan Matthews,2447,Colonels,Nicholls,Nicholls,,,,,,,,,,,,,,,,,False,False,True,False,6,J. Matthews,https://a.espncdn.com/i/headshots/mens-college-basketball/players/full/5313590.png,Guard,G,Nicholls Colonels,s:40~l:41~t:2447,nicholls-colonels,https://a.espncdn.com/i/teamlogos/ncaa/500/2447.png,NICH,C41230,f0f0f0,home,False,65,2377,Cowboys,McNeese,McNeese Cowboys,MCN,https://a.espncdn.com/i/teamlogos/ncaa/500/2377.png,00529C,ffd204,75
401808889,2026,2,2026-03-02 00:00:00+00:00,2026-03-02 19:30:00-05:00,5239815,Chaydon Stone,2447,Colonels,Nicholls,Nicholls,,,,,,,,,,,,,,,,,False,False,True,False,2,C. Stone,https://a.espncdn.com/i/headshots/mens-college-basketball/players/full/5239815.png,Guard,G,Nicholls Colonels,s:40~l:41~t:2447,nicholls-colonels,https://a.espncdn.com/i/teamlogos/ncaa/500/2447.png,NICH,C41230,f0f0f0,home,False,65,2377,Cowboys,McNeese,McNeese Cowboys,MCN,https://a.espncdn.com/i/teamlogos/ncaa/500/2377.png,00529C,ffd204,75
401808889,2026,2,2026-03-02 00:00:00+00:00,2026-03-02 19:30:00-05:00,5238199,Kevin Pazmino,2447,Colonels,Nicholls,Nicholls,,,,,,,,,,,,,,,,,False,False,True,False,8,K. Pazmino,https://a.espncdn.com/i/headshots/mens-college-basketball/players/full/5238199.png,Guard,G,Nicholls Colonels,s:40~l:41~t:2447,nicholls-colonels,https://a.espncdn.com/i/teamlogos/ncaa/500/2447.png,NICH,C41230,f0f0f0,home,False,65,2377,Cowboys,McNeese,McNeese Cowboys,MCN,https://a.espncdn.com/i/teamlogos/ncaa/500/2377.png,00529C,ffd204,75
401808889,2026,2,2026-03-02 00:00:00+00:00,2026-03-02 19:30:00-05:00,5105975,Christian Winborne,2447,Colonels,Nicholls,Nicholls,,,,,,,,,,,,,,,,,False,False,True,False,2,C. Winborne,https://a.espncdn.com/i/headshots/mens-college-basketball/players/full/5105975.png,Guard,G,Nicholls Colonels,s:40~l:41~t:2447,nicholls-colonels,https://a.espncdn.com/i/teamlogos/ncaa/500/2447.png,NICH,C41230,f0f0f0,home,False,65,2377,Cowboys,McNeese,McNeese Cowboys,MCN,https://a.espncdn.com/i/teamlogos/ncaa/500/2377.png,00529C,ffd204,75
401820778,2026,2,2026-03-02 00:00:00+00:00,2026-03-02 19:00:00-05:00,5041935,Cameron Boozer,150,Blue Devils,Duke,Duke,32.0,8,10,1,2,9,11,2,7,9,4,0,0,1,1,26,True,False,False,False,12,Cam. Boozer,https://a.espncdn.com/i/headshots/mens-college-basketball/players/full/5041935.png,Forward,F,Duke Blue Devils,s:40~l:41~t:150,duke-blue-devils,https://a.espncdn.com/i/teamlogos/ncaa/500/150.png,DUKE,00539b,ffffff,away,True,93,152,Wolfpack,NC State,NC State Wolfpack,NCSU,https://a.espncdn.com/i/teamlogos/ncaa/500/152.png,cc0000,ffffff,64
401820778,2026,2,2026-03-02 00:00:00+00:00,2026-03-02 19:00:00-05:00,4873209,Patrick Ngongba II,150,Blue Devils,Duke,Duke,19.0,4,6,0,0,3,4,4,1,5,1,0,0,0,2,11,True,False,False,False,21,P. Ngongba II,https://a.espncdn.com/i/headshots/mens-college-basketball/players/full/4873209.png,Center,C,Duke Blue Devils,s:40~l:41~t:150,duke-blue-devils,https://a.espncdn.com/i/teamlogos/ncaa/500/150.png,DUKE,00539b,ffffff,away,True,93,152,Wolfpack,NC State,NC State Wolfpack,NCSU,https://a.espncdn.com/i/teamlogos/ncaa/500/152.png,cc0000,ffffff,64
401820778,2026,2,2026-03-02 00:00:00+00:00,2026-03-02 19:00:00-05:00,5287474,Dame Sarr,150,Blue Devils,Duke,Duke,22.0,5,9,3,6,3,4,3,5,8,1,0,0,1,4,16,True,False,False,False,7,D. Sarr,https://a.espncdn.com/i/headshots/mens-college-basketball/players/full/5287474.png,Guard,G,Duke Blue Devils,s:40~l:41~t:150,duke-blue-devils,https://a.espncdn.com/i/teamlogos/ncaa/500/150.png,DUKE,00539b,ffffff,away,True,93,152,Wolfpack,NC State,NC State Wolfpack,NCSU,https://a.espncdn.com/i/teamlogos/ncaa/500/152.png,cc0000,ffffff,64
401820778,2026,2,2026-03-02 00:00:00+00:00,2026-03-02 19:00:00-05:00,5061585,Isaiah Evans,150,Blue Devils,Duke,Duke,26.0,4,8,4,8,0,0,0,2,2,1,0,0,0,2,12,True,False,False,False,3,I. Evans,https://a.espncdn.com/i/headshots/mens-college-basketball/players/full/5061585.png,Guard,G,Duke Blue Devils,s:40~l:41~t:150,duke-blue-devils,https://a.espncdn.com/i/teamlogos/ncaa/500/150.png,DUKE,00539b,ffffff,away,True,93,152,Wolfpack,NC State,NC State Wolfpack,NCSU,https://a.espncdn.com/i/teamlogos/ncaa/500/152.png,cc0000,ffffff,64
401820778,2026,2,2026-03-02 00:00:00+00:00,2026-03-02 19:00:00-05:00,4711256,Caleb Foster,150,Blue Devils,Duke,Duke,25.0,2,8,1,5,1,2,1,3,4,7,0,0,0,1,6,True,False,False,False,1,C. Foster,https://a.espncdn.com/i/headshots/mens-college-basketball/players/full/4711256.png,Guard,G,Duke Blue Devils,s:40~l:41~t:150,duke-blue-devils,https://a.espncdn.com/i/teamlogos/ncaa/500/150.png,DUKE,00539b,ffffff,away,True,93,152,Wolfpack,NC State,NC State Wolfpack,NCSU,https://a.espncdn.com/i/teamlogos/ncaa/500/152.png,cc0000,ffffff,64
401820778,2026,2,2026-03-02 00:00:00+00:00,2026-03-02 19:00:00-05:00,5105337,Maliq Brown,150,Blue Devils,Duke,Duke,20.0,2,2,0,0,0,4,0,4,4,2,2,2,2,2,4,False,False,False,False,6,M. Brown,https://a.espncdn.com/i/headshots/mens-college-basketball/players/full/5105337.png,Forward,F,Duke Blue Devils,s:40~l:41~t:150,duke-blue-devils,https://a.espncdn.com/i/teamlogos/ncaa/500/150.png,DUKE,00539b,ffffff,away,True,93,152,Wolfpack,NC State,NC State Wolfpack,NCSU,https://a.espncdn.com/i/teamlogos/ncaa/500/152.png,cc0000,ffffff,64
401820778,2026,2,2026-03-02 00:00:00+00:00,2026-03-02 19:00:00-05:00,5144124,Nikolas Khamenia,150,Blue Devils,Duke,Duke,17.0,3,7,1,3,0,0,0,4,4,2,0,0,1,4,7,False,False,False,True,14,N. Khamenia,https://a.espncdn.com/i/headshots/mens-college-basketball/players/full/5144124.png,Guard,G,Duke Blue Devils,s:40~l:41~t:150,duke-blue-devils,https://a.espncdn.com/i/teamlogos/ncaa/500/150.png,DUKE,00539b,ffffff,away,True,93,152,Wolfpack,NC State,NC State Wolfpack,NCSU,https://a.espncdn.com/i/teamlogos/ncaa/500/152.png,cc0000,ffffff,64
401820778,2026,2,2026-03-02 00:00:00+00:00,2026-03-02 19:00:00-05:00,5041937,Cayden Boozer,150,Blue Devils,Duke,Duke,19.0,2,3,0,1,0,0,0,0,0,2,0,1,1,0,4,False,False,False,True,2,Cay. Boozer,https://a.espncdn.com/i/headshots/mens-college-basketball/players/full/5041937.png,Guard,G,Duke Blue Devils,s:40~l:41~t:150,duke-blue-devils,https://a.espncdn.com/i/teamlogos/ncaa/500/150.png,DUKE,00539b,ffffff,away,True,93,152,Wolfpack,NC State,NC State Wolfpack,NCSU,https://a.espncdn.com/i/teamlogos/ncaa/500/152.png,cc0000,ffffff,64
401820778,2026,2,2026-03-02 00:00:00+00:00,2026-03-02 19:00:00-05:00,4888720,Jack Scott,150,Blue Devils,Duke,Duke,3.0,1,1,0,0,0,0,2,0,2,1,0,0,0,0,2,False,False,False,True,20,J. Scott,https://a.espncdn.com/i/headshots/mens-college-basketball/players/full/4888720.png,Guard,G,Duke Blue Devils,s:40~l:41~t:150,duke-blue-devils,https://a.espncdn.com/i/teamlogos/ncaa/500/150.png,DUKE,00539b,ffffff,away,True,93,152,Wolfpack,NC State,NC State Wolfpack,NCSU,https://a.espncdn.com/i/teamlogos/ncaa/500/152.png,cc0000,ffffff,64
401820778,2026,2,2026-03-02 00:00:00+00:00,2026-03-02 19:00:00-05:00,4873107,Darren Harris,150,Blue Devils,Duke,Duke,14.0,1,3,1,3,2,2,0,3,3,0,0,0,1,0,5,False,False,False,True,8,D. Harris,https://a.espncdn.com/i/headshots/mens-college-basketball/players/full/4873107.png,Guard,G,Duke Blue Devils,s:40~l:41~t:150,duke-blue-devils,https://a.espncdn.com/i/teamlogos/ncaa/500/150.png,DUKE,00539b,ffffff,away,True,93,152,Wolfpack,NC State,NC State Wolfpack,NCSU,https://a.espncdn.com/i/teamlogos/ncaa/500/152.png,cc0000,ffffff,64
401820778,2026,2,2026-03-02 00:00:00+00:00,2026-03-02 19:00:00-05:00,4432321,Cameron Sheffield,150,Blue Devils,Duke,Duke,3.0,0,1,0,0,0,0,0,0,0,0,0,0,0,0,0,False,False,False,True,13,C. Sheffield,https://a.espncdn.com/i/headshots/mens-college-basketball/players/full/4432321.png,Guard,G,Duke Blue Devils,s:40~l:41~t:150,duke-blue-devils,https://a.espncdn.com/i/teamlogos/ncaa/500/150.png,DUKE,00539b,ffffff,away,True,93,152,Wolfpack,NC State,NC State Wolfpack,NCSU,https://a.espncdn.com/i/teamlogos/ncaa/500/152.png,cc0000,ffffff,64
401820778,2026,2,2026-03-02 00:00:00+00:00,2026-03-02 19:00:00-05:00,5107141,Ifeanyi Ufochukwu,150,Blue Devils,Duke,Duke,,,,,,,,,,,,,,,,,False,False,True,False,15,I. Ufochukwu,https://a.espncdn.com/i/headshots/mens-college-basketball/players/full/5107141.png,Center,C,Duke Blue Devils,s:40~l:41~t:150,duke-blue-devils,https://a.espncdn.com/i/teamlogos/ncaa/500/150.png,DUKE,00539b,ffffff,away,True,93,152,Wolfpack,NC State,NC State Wolfpack,NCSU,https://a.espncdn.com/i/teamlogos/ncaa/500/152.png,cc0000,ffffff,64
401820778,2026,2,2026-03-02 00:00:00+00:00,2026-03-02 19:00:00-05:00,5144150,Sebastian Wilkins,150,Blue Devils,Duke,Duke,,,,,,,,,,,,,,,,,False,False,True,False,5,S. Wilkins,https://a.espncdn.com/i/headshots/mens-college-basketball/players/full/5144150.png,Guard,G,Duke Blue Devils,s:40~l:41~t:150,duke-blue-devils,https://a.espncdn.com/i/teamlogos/ncaa/500/150.png,DUKE,00539b,ffffff,away,True,93,152,Wolfpack,NC State,NC State Wolfpack,NCSU,https://a.espncdn.com/i/teamlogos/ncaa/500/152.png,cc0000,ffffff,64
401820778,2026,2,2026-03-02 00:00:00+00:00,2026-03-02 19:00:00-05:00,4937074,Darrion Williams,152,Wolfpack,NC State,NC State,29.0,6,17,3,11,2,2,0,1,1,0,1,0,0,2,17,True,False,False,False,1,D. Williams,https://a.espncdn.com/i/headshots/mens-college-basketball/players/full/4937074.png,Forward,F,NC State Wolfpack,s:40~l:41~t:152,nc-state-wolfpack,https://a.espncdn.com/i/teamlogos/ncaa/500/152.png,NCSU,cc0000,ffffff,home,False,64,150,Blue Devils,Duke,Duke Blue Devils,DUKE,https://a.espncdn.com/i/teamlogos/ncaa/500/150.png,00539b,ffffff,93
401820778,2026,2,2026-03-02 00:00:00+00:00,2026-03-02 19:00:00-05:00,4684799,Ven-Allen Lubin,152,Wolfpack,NC State,NC State,12.0,3,4,0,0,0,0,1,2,3,0,0,0,1,4,6,True,False,False,False,22,V. Lubin,https://a.espncdn.com/i/headshots/mens-college-basketball/players/full/4684799.png,Forward,F,NC State Wolfpack,s:40~l:41~t:152,nc-state-wolfpack,https://a.espncdn.com/i/teamlogos/ncaa/500/152.png,NCSU,cc0000,ffffff,home,False,64,150,Blue Devils,Duke,Duke Blue Devils,DUKE,https://a.espncdn.com/i/teamlogos/ncaa/500/150.png,00539b,ffffff,93
401820778,2026,2,2026-03-02 00:00:00+00:00,2026-03-02 19:00:00-05:00,5105816,Tre Holloman,152,Wolfpack,NC State,NC State,5.0,0,0,0,0,0,0,0,0,0,1,0,0,0,0,0,True,False,False,False,5,T. Holloman,https://a.espncdn.com/i/headshots/mens-college-basketball/players/full/5105816.png,Guard,G,NC State Wolfpack,s:40~l:41~t:152,nc-state-wolfpack,https://a.espncdn.com/i/teamlogos/ncaa/500/152.png,NCSU,cc0000,ffffff,home,False,64,150,Blue Devils,Duke,Duke Blue Devils,DUKE,https://a.espncdn.com/i/teamlogos/ncaa/500/150.png,00539b,ffffff,93
401820778,2026,2,2026-03-02 00:00:00+00:00,2026-03-02 19:00:00-05:00,4873151,Paul McNeil Jr.,152,Wolfpack,NC State,NC State,34.0,2,8,2,7,3,3,1,1,2,1,1,0,0,0,9,True,False,False,True,2,P. McNeil Jr.,https://a.espncdn.com/i/headshots/mens-college-basketball/players/full/4873151.png,Guard,G,NC State Wolfpack,s:40~l:41~t:152,nc-state-wolfpack,https://a.espncdn.com/i/teamlogos/ncaa/500/152.png,NCSU,cc0000,ffffff,home,False,64,150,Blue Devils,Duke,Duke Blue Devils,DUKE,https://a.espncdn.com/i/teamlogos/ncaa/500/150.png,00539b,ffffff,93
401820778,2026,2,2026-03-02 00:00:00+00:00,2026-03-02 19:00:00-05:00,4683860,Quadir Copeland,152,Wolfpack,NC State,NC State,26.0,3,10,1,3,4,6,0,2,2,5,1,0,3,1,11,True,False,False,False,11,Q. Copeland,https://a.espncdn.com/i/headshots/mens-college-basketball/players/full/4683860.png,Guard,G,NC State Wolfpack,s:40~l:41~t:152,nc-state-wolfpack,https://a.espncdn.com/i/teamlogos/ncaa/500/152.png,NCSU,cc0000,ffffff,home,False,64,150,Blue Devils,Duke,Duke Blue Devils,DUKE,https://a.espncdn.com/i/teamlogos/ncaa/500/150.png,00539b,ffffff,93
401820778,2026,2,2026-03-02 00:00:00+00:00,2026-03-02 19:00:00-05:00,5311995,Musa Sagnia,152,Wolfpack,NC State,NC State,17.0,2,4,0,0,0,0,6,2,8,0,0,1,0,3,4,False,False,False,True,13,M. Sagnia,https://a.espncdn.com/i/headshots/mens-college-basketball/players/full/5311995.png,Forward,F,NC State Wolfpack,s:40~l:41~t:152,nc-state-wolfpack,https://a.espncdn.com/i/teamlogos/ncaa/500/152.png,NCSU,cc0000,ffffff,home,False,64,150,Blue Devils,Duke,Duke Blue Devils,DUKE,https://a.espncdn.com/i/teamlogos/ncaa/500/150.png,00539b,ffffff,93
401820778,2026,2,2026-03-02 00:00:00+00:00,2026-03-02 19:00:00-05:00,4897482,Scottie Ebube,152,Wolfpack,NC State,NC State,11.0,0,0,0,0,0,4,4,0,4,0,0,2,1,5,0,False,False,False,False,12,S. Ebube,https://a.espncdn.com/i/headshots/mens-college-basketball/players/full/4897482.png,Center,C,NC State Wolfpack,s:40~l:41~t:152,nc-state-wolfpack,https://a.espncdn.com/i/teamlogos/ncaa/500/152.png,NCSU,cc0000,ffffff,home,False,64,150,Blue Devils,Duke,Duke Blue Devils,DUKE,https://a.espncdn.com/i/teamlogos/ncaa/500/150.png,00539b,ffffff,93
401820778,2026,2,2026-03-02 00:00:00+00:00,2026-03-02 19:00:00-05:00,5196877,Matt Able,152,Wolfpack,NC State,NC State,32.0,4,12,1,6,0,0,1,4,5,3,2,0,1,2,9,False,False,False,True,3,M. Able,https://a.espncdn.com/i/headshots/mens-college-basketball/players/full/5196877.png,Guard,G,NC State Wolfpack,s:40~l:41~t:152,nc-state-wolfpack,https://a.espncdn.com/i/teamlogos/ncaa/500/152.png,NCSU,cc0000,ffffff,home,False,64,150,Blue Devils,Duke,Duke Blue Devils,DUKE,https://a.espncdn.com/i/teamlogos/ncaa/500/150.png,00539b,ffffff,93
401820778,2026,2,2026-03-02 00:00:00+00:00,2026-03-02 19:00:00-05:00,5106059,Terrance Arceneaux,152,Wolfpack,NC State,NC State,18.0,1,2,0,1,0,0,1,3,4,1,1,1,0,2,2,False,False,False,True,21,T. Arceneaux,https://a.espncdn.com/i/headshots/mens-college-basketball/players/full/5106059.png,Guard,G,NC State Wolfpack,s:40~l:41~t:152,nc-state-wolfpack,https://a.espncdn.com/i/teamlogos/ncaa/500/152.png,NCSU,cc0000,ffffff,home,False,64,150,Blue Devils,Duke,Duke Blue Devils,DUKE,https://a.espncdn.com/i/teamlogos/ncaa/500/150.png,00539b,ffffff,93
401820778,2026,2,2026-03-02 00:00:00+00:00,2026-03-02 19:00:00-05:00,4585590,Alyn Breed,152,Wolfpack,NC State,NC State,16.0,2,8,0,1,2,2,0,2,2,1,0,0,0,3,6,False,False,False,True,7,A. Breed,https://a.espncdn.com/i/headshots/mens-college-basketball/players/full/4585590.png,Guard,G,NC State Wolfpack,s:40~l:41~t:152,nc-state-wolfpack,https://a.espncdn.com/i/teamlogos/ncaa/500/152.png,NCSU,cc0000,ffffff,home,False,64,150,Blue Devils,Duke,Duke Blue Devils,DUKE,https://a.espncdn.com/i/teamlogos/ncaa/500/150.png,00539b,ffffff,93
401820778,2026,2,2026-03-02 00:00:00+00:00,2026-03-02 19:00:00-05:00,5174958,Jerry Deng,152,Wolfpack,NC State,NC State,,,,,,,,,,,,,,,,,False,False,True,False,15,J. Deng,https://a.espncdn.com/i/headshots/mens-college-basketball/players/full/5174958.png,Forward,F,NC State Wolfpack,s:40~l:41~t:152,nc-state-wolfpack,https://a.espncdn.com/i/teamlogos/ncaa/500/152.png,NCSU,cc0000,ffffff,home,False,64,150,Blue Devils,Duke,Duke Blue Devils,DUKE,https://a.espncdn.com/i/teamlogos/ncaa/500/150.png,00539b,ffffff,93
401820778,2026,2,2026-03-02 00:00:00+00:00,2026-03-02 19:00:00-05:00,5142707,Colt Langdon,152,Wolfpack,NC State,NC State,,,,,,,,,,,,,,,,,False,False,True,False,45,C. Langdon,https://a.espncdn.com/i/headshots/mens-college-basketball/players/full/5142707.png,Forward,F,NC State Wolfpack,s:40~l:41~t:152,nc-state-wolfpack,https://a.espncdn.com/i/teamlogos/ncaa/500/152.png,NCSU,cc0000,ffffff,home,False,64,150,Blue Devils,Duke,Duke Blue Devils,DUKE,https://a.espncdn.com/i/teamlogos/ncaa/500/150.png,00539b,ffffff,93
401820778,2026,2,2026-03-02 00:00:00+00:00,2026-03-02 19:00:00-05:00,5101858,Zymicah Wilkins,152,Wolfpack,NC State,NC State,,,,,,,,,,,,,,,,,False,False,True,False,33,Z. Wilkins,https://a.espncdn.com/i/headshots/mens-college-basketball/players/full/5101858.png,Forward,F,NC State Wolfpack,s:40~l:41~t:152,nc-state-wolfpack,https://a.espncdn.com/i/teamlogos/ncaa/500/152.png,NCSU,cc0000,ffffff,home,False,64,150,Blue Devils,Duke,Duke Blue Devils,DUKE,https://a.espncdn.com/i/teamlogos/ncaa/500/150.png,00539b,ffffff,93
401820778,2026,2,2026-03-02 00:00:00+00:00,2026-03-02 19:00:00-05:00,5311994,Jayme Kontuniemi,152,Wolfpack,NC State,NC State,,,,,,,,,,,,,,,,,False,False,True,False,10,J. Kontuniemi,https://a.espncdn.com/i/headshots/mens-college-basketball/players/full/5311994.png,Guard,G,NC State Wolfpack,s:40~l:41~t:152,nc-state-wolfpack,https://a.espncdn.com/i/teamlogos/ncaa/500/152.png,NCSU,cc0000,ffffff,home,False,64,150,Blue Devils,Duke,Duke Blue Devils,DUKE,https://a.espncdn.com/i/teamlogos/ncaa/500/150.png,00539b,ffffff,93
401820778,2026,2,2026-03-02 00:00:00+00:00,2026-03-02 19:00:00-05:00,5105430,Jordan Snell,152,Wolfpack,NC State,NC State,,,,,,,,,,,,,,,,,False,False,True,False,0,J. Snell,https://a.espncdn.com/i/headshots/mens-college-basketball/players/full/5105430.png,Guard,G,NC State Wolfpack,s:40~l:41~t:152,nc-state-wolfpack,https://a.espncdn.com/i/teamlogos/ncaa/500/152.png,NCSU,cc0000,ffffff,home,False,64,150,Blue Devils,Duke,Duke Blue Devils,DUKE,https://a.espncdn.com/i/teamlogos/ncaa/500/150.png,00539b,ffffff,93
401851421,2026,2,2026-03-02 00:00:00+00:00,2026-03-02 19:00:00-05:00,5313210,Finley Woodward,85,Jaguars,IU Indianapolis,IU Indy,34.0,5,13,0,0,0,0,2,3,5,10,3,0,1,1,10,True,False,False,True,7,F. Woodward,https://a.espncdn.com/i/headshots/mens-college-basketball/players/full/5313210.png,Forward,F,IU Indianapolis Jaguars,s:40~l:41~t:85,iu-indianapolis-jaguars,https://a.espncdn.com/i/teamlogos/ncaa/500/85.png,IUIN,A81F30,d59f0f,away,False,93,325,Vikings,Cleveland State,Cleveland State Vikings,CLE,https://a.espncdn.com/i/teamlogos/ncaa/500/325.png,006633,231f20,101
401851421,2026,2,2026-03-02 00:00:00+00:00,2026-03-02 19:00:00-05:00,5313207,Reece Hagy,85,Jaguars,IU Indianapolis,IU Indy,9.0,0,2,0,1,1,2,1,2,3,1,0,0,0,0,1,True,False,False,False,1,R. Hagy,https://a.espncdn.com/i/headshots/mens-college-basketball/players/full/5313207.png,Forward,F,IU Indianapolis Jaguars,s:40~l:41~t:85,iu-indianapolis-jaguars,https://a.espncdn.com/i/teamlogos/ncaa/500/85.png,IUIN,A81F30,d59f0f,away,False,93,325,Vikings,Cleveland State,Cleveland State Vikings,CLE,https://a.espncdn.com/i/teamlogos/ncaa/500/325.png,006633,231f20,101
401851421,2026,2,2026-03-02 00:00:00+00:00,2026-03-02 19:00:00-05:00,5313213,Maguire Mitchell,85,Jaguars,IU Indianapolis,IU Indy,36.0,9,18,5,11,0,1,1,2,3,1,2,1,2,3,23,True,False,False,True,13,M. Mitchell,https://a.espncdn.com/i/headshots/mens-college-basketball/players/full/5313213.png,Guard,G,IU Indianapolis Jaguars,s:40~l:41~t:85,iu-indianapolis-jaguars,https://a.espncdn.com/i/teamlogos/ncaa/500/85.png,IUIN,A81F30,d59f0f,away,False,93,325,Vikings,Cleveland State,Cleveland State Vikings,CLE,https://a.espncdn.com/i/teamlogos/ncaa/500/325.png,006633,231f20,101
401851421,2026,2,2026-03-02 00:00:00+00:00,2026-03-02 19:00:00-05:00,5313212,Kyler D'Augustino,85,Jaguars,IU Indianapolis,IU Indy,35.0,8,16,1,1,6,7,0,2,2,1,2,0,1,4,23,True,False,False,True,12,K. D'Augustino,https://a.espncdn.com/i/headshots/mens-college-basketball/players/full/5313212.png,Guard,G,IU Indianapolis Jaguars,s:40~l:41~t:85,iu-indianapolis-jaguars,https://a.espncdn.com/i/teamlogos/ncaa/500/85.png,IUIN,A81F30,d59f0f,away,False,93,325,Vikings,Cleveland State,Cleveland State Vikings,CLE,https://a.espncdn.com/i/teamlogos/ncaa/500/325.png,006633,231f20,101
401851421,2026,2,2026-03-02 00:00:00+00:00,2026-03-02 19:00:00-05:00,5107890,Jaxon Edwards,85,Jaguars,IU Indianapolis,IU Indy,32.0,9,13,1,3,4,6,4,6,10,2,0,0,4,2,23,True,False,False,True,0,J. Edwards,https://a.espncdn.com/i/headshots/mens-college-basketball/players/full/5107890.png,Guard,G,IU Indianapolis Jaguars,s:40~l:41~t:85,iu-indianapolis-jaguars,https://a.espncdn.com/i/teamlogos/ncaa/500/85.png,IUIN,A81F30,d59f0f,away,False,93,325,Vikings,Cleveland State,Cleveland State Vikings,CLE,https://a.espncdn.com/i/teamlogos/ncaa/500/325.png,006633,231f20,101
401851421,2026,2,2026-03-02 00:00:00+00:00,2026-03-02 19:00:00-05:00,5313215,Aiden Miller,85,Jaguars,IU Indianapolis,IU Indy,4.0,0,2,0,1,0,0,0,0,0,0,0,0,0,0,0,False,False,False,False,23,A. Miller,https://a.espncdn.com/i/headshots/mens-college-basketball/players/full/5313215.png,Forward,F,IU Indianapolis Jaguars,s:40~l:41~t:85,iu-indianapolis-jaguars,https://a.espncdn.com/i/teamlogos/ncaa/500/85.png,IUIN,A81F30,d59f0f,away,False,93,325,Vikings,Cleveland State,Cleveland State Vikings,CLE,https://a.espncdn.com/i/teamlogos/ncaa/500/325.png,006633,231f20,101
401851421,2026,2,2026-03-02 00:00:00+00:00,2026-03-02 19:00:00-05:00,5313214,Kameron Tinsley,85,Jaguars,IU Indianapolis,IU Indy,25.0,2,4,2,4,1,1,1,2,3,2,0,1,2,5,7,False,False,False,False,20,K. Tinsley,https://a.espncdn.com/i/headshots/mens-college-basketball/players/full/5313214.png,Forward,F,IU Indianapolis Jaguars,s:40~l:41~t:85,iu-indianapolis-jaguars,https://a.espncdn.com/i/teamlogos/ncaa/500/85.png,IUIN,A81F30,d59f0f,away,False,93,325,Vikings,Cleveland State,Cleveland State Vikings,CLE,https://a.espncdn.com/i/teamlogos/ncaa/500/325.png,006633,231f20,101
401851421,2026,2,2026-03-02 00:00:00+00:00,2026-03-02 19:00:00-05:00,5239785,Micah Davis,85,Jaguars,IU Indianapolis,IU Indy,25.0,2,5,0,3,2,2,1,2,3,3,1,0,2,4,6,False,False,False,True,4,M. Davis,https://a.espncdn.com/i/headshots/mens-college-basketball/players/full/5239785.png,Guard,G,IU Indianapolis Jaguars,s:40~l:41~t:85,iu-indianapolis-jaguars,https://a.espncdn.com/i/teamlogos/ncaa/500/85.png,IUIN,A81F30,d59f0f,away,False,93,325,Vikings,Cleveland State,Cleveland State Vikings,CLE,https://a.espncdn.com/i/teamlogos/ncaa/500/325.png,006633,231f20,101
401851421,2026,2,2026-03-02 00:00:00+00:00,2026-03-02 19:00:00-05:00,5313216,Gabe Stewart,85,Jaguars,IU Indianapolis,IU Indy,,,,,,,,,,,,,,,,,False,False,True,False,24,G. Stewart,https://a.espncdn.com/i/headshots/mens-college-basketball/players/full/5313216.png,Forward,F,IU Indianapolis Jaguars,s:40~l:41~t:85,iu-indianapolis-jaguars,https://a.espncdn.com/i/teamlogos/ncaa/500/85.png,IUIN,A81F30,d59f0f,away,False,93,325,Vikings,Cleveland State,Cleveland State Vikings,CLE,https://a.espncdn.com/i/teamlogos/ncaa/500/325.png,006633,231f20,101
401851421,2026,2,2026-03-02 00:00:00+00:00,2026-03-02 19:00:00-05:00,5261271,Lav Cvetkovic,85,Jaguars,IU Indianapolis,IU Indy,,,,,,,,,,,,,,,,,False,False,True,False,10,L. Cvetkovic,https://a.espncdn.com/i/headshots/mens-college-basketball/players/full/5261271.png,Forward,F,IU Indianapolis Jaguars,s:40~l:41~t:85,iu-indianapolis-jaguars,https://a.espncdn.com/i/teamlogos/ncaa/500/85.png,IUIN,A81F30,d59f0f,away,False,93,325,Vikings,Cleveland State,Cleveland State Vikings,CLE,https://a.espncdn.com/i/teamlogos/ncaa/500/325.png,006633,231f20,101
401851421,2026,2,2026-03-02 00:00:00+00:00,2026-03-02 19:00:00-05:00,5313211,Garrett Sever,85,Jaguars,IU Indianapolis,IU Indy,,,,,,,,,,,,,,,,,False,False,True,False,11,G. Sever,https://a.espncdn.com/i/headshots/mens-college-basketball/players/full/5313211.png,Guard,G,IU Indianapolis Jaguars,s:40~l:41~t:85,iu-indianapolis-jaguars,https://a.espncdn.com/i/teamlogos/ncaa/500/85.png,IUIN,A81F30,d59f0f,away,False,93,325,Vikings,Cleveland State,Cleveland State Vikings,CLE,https://a.espncdn.com/i/teamlogos/ncaa/500/325.png,006633,231f20,101
401851421,2026,2,2026-03-02 00:00:00+00:00,2026-03-02 19:00:00-05:00,5313209,JP Dragas,85,Jaguars,IU Indianapolis,IU Indy,,,,,,,,,,,,,,,,,False,False,True,False,5,J. Dragas,https://a.espncdn.com/i/headshots/mens-college-basketball/players/full/5313209.png,Guard,G,IU Indianapolis Jaguars,s:40~l:41~t:85,iu-indianapolis-jaguars,https://a.espncdn.com/i/teamlogos/ncaa/500/85.png,IUIN,A81F30,d59f0f,away,False,93,325,Vikings,Cleveland State,Cleveland State Vikings,CLE,https://a.espncdn.com/i/teamlogos/ncaa/500/325.png,006633,231f20,101
401851421,2026,2,2026-03-02 00:00:00+00:00,2026-03-02 19:00:00-05:00,5313208,Corey Boston,85,Jaguars,IU Indianapolis,IU Indy,,,,,,,,,,,,,,,,,False,False,True,False,2,C. Boston,https://a.espncdn.com/i/headshots/mens-college-basketball/players/full/5313208.png,Guard,G,IU Indianapolis Jaguars,s:40~l:41~t:85,iu-indianapolis-jaguars,https://a.espncdn.com/i/teamlogos/ncaa/500/85.png,IUIN,A81F30,d59f0f,away,False,93,325,Vikings,Cleveland State,Cleveland State Vikings,CLE,https://a.espncdn.com/i/teamlogos/ncaa/500/325.png,006633,231f20,101
401851421,2026,2,2026-03-02 00:00:00+00:00,2026-03-02 19:00:00-05:00,5181934,Matt Compas,85,Jaguars,IU Indianapolis,IU Indy,,,,,,,,,,,,,,,,,False,False,True,False,15,M. Compas,https://a.espncdn.com/i/headshots/mens-college-basketball/players/full/5181934.png,Guard,G,IU Indianapolis Jaguars,s:40~l:41~t:85,iu-indianapolis-jaguars,https://a.espncdn.com/i/teamlogos/ncaa/500/85.png,IUIN,A81F30,d59f0f,away,False,93,325,Vikings,Cleveland State,Cleveland State Vikings,CLE,https://a.espncdn.com/i/teamlogos/ncaa/500/325.png,006633,231f20,101
401851421,2026,2,2026-03-02 00:00:00+00:00,2026-03-02 19:00:00-05:00,5115456,Ajay Holubar,85,Jaguars,IU Indianapolis,IU Indy,,,,,,,,,,,,,,,,,False,False,True,False,22,A. Holubar,https://a.espncdn.com/i/headshots/mens-college-basketball/players/full/5115456.png,Guard,G,IU Indianapolis Jaguars,s:40~l:41~t:85,iu-indianapolis-jaguars,https://a.espncdn.com/i/teamlogos/ncaa/500/85.png,IUIN,A81F30,d59f0f,away,False,93,325,Vikings,Cleveland State,Cleveland State Vikings,CLE,https://a.espncdn.com/i/teamlogos/ncaa/500/325.png,006633,231f20,101
401851421,2026,2,2026-03-02 00:00:00+00:00,2026-03-02 19:00:00-05:00,5240370,Holden Pierre-Louis,325,Vikings,Cleveland State,Cleveland St,20.0,3,3,0,0,0,2,1,4,5,1,1,2,1,2,6,True,False,False,False,12,H. Pierre-Louis,https://a.espncdn.com/i/headshots/mens-college-basketball/players/full/5240370.png,Forward,F,Cleveland State Vikings,s:40~l:41~t:325,cleveland-state-vikings,https://a.espncdn.com/i/teamlogos/ncaa/500/325.png,CLE,006633,231f20,home,True,101,85,Jaguars,IU Indianapolis,IU Indianapolis Jaguars,IUIN,https://a.espncdn.com/i/teamlogos/ncaa/500/85.png,A81F30,d59f0f,93
401851421,2026,2,2026-03-02 00:00:00+00:00,2026-03-02 19:00:00-05:00,5176268,Preist Ryan,325,Vikings,Cleveland State,Cleveland St,36.0,10,16,0,0,3,3,2,10,12,1,0,0,1,3,23,True,False,False,True,4,P. Ryan,https://a.espncdn.com/i/headshots/mens-college-basketball/players/full/5176268.png,Forward,F,Cleveland State Vikings,s:40~l:41~t:325,cleveland-state-vikings,https://a.espncdn.com/i/teamlogos/ncaa/500/325.png,CLE,006633,231f20,home,True,101,85,Jaguars,IU Indianapolis,IU Indianapolis Jaguars,IUIN,https://a.espncdn.com/i/teamlogos/ncaa/500/85.png,A81F30,d59f0f,93
401851421,2026,2,2026-03-02 00:00:00+00:00,2026-03-02 19:00:00-05:00,5182601,Tre Beard,325,Vikings,Cleveland State,Cleveland St,36.0,2,4,0,2,2,5,0,3,3,5,2,0,3,0,6,True,False,False,True,3,T. Beard,https://a.espncdn.com/i/headshots/mens-college-basketball/players/full/5182601.png,Guard,G,Cleveland State Vikings,s:40~l:41~t:325,cleveland-state-vikings,https://a.espncdn.com/i/teamlogos/ncaa/500/325.png,CLE,006633,231f20,home,True,101,85,Jaguars,IU Indianapolis,IU Indianapolis Jaguars,IUIN,https://a.espncdn.com/i/teamlogos/ncaa/500/85.png,A81F30,d59f0f,93
401851421,2026,2,2026-03-02 00:00:00+00:00,2026-03-02 19:00:00-05:00,5177686,Jaidon Lipscomb,325,Vikings,Cleveland State,Cleveland St,37.0,7,12,5,7,4,4,0,5,5,8,3,1,5,3,23,True,False,False,True,2,J. Lipscomb,https://a.espncdn.com/i/headshots/mens-college-basketball/players/full/5177686.png,Guard,G,Cleveland State Vikings,s:40~l:41~t:325,cleveland-state-vikings,https://a.espncdn.com/i/teamlogos/ncaa/500/325.png,CLE,006633,231f20,home,True,101,85,Jaguars,IU Indianapolis,IU Indianapolis Jaguars,IUIN,https://a.espncdn.com/i/teamlogos/ncaa/500/85.png,A81F30,d59f0f,93
401851421,2026,2,2026-03-02 00:00:00+00:00,2026-03-02 19:00:00-05:00,5176378,Kamari Jones,325,Vikings,Cleveland State,Cleveland St,17.0,3,6,1,4,0,1,1,2,3,1,1,1,1,2,7,True,False,False,False,24,K. Jones,https://a.espncdn.com/i/headshots/mens-college-basketball/players/full/5176378.png,Guard,G,Cleveland State Vikings,s:40~l:41~t:325,cleveland-state-vikings,https://a.espncdn.com/i/teamlogos/ncaa/500/325.png,CLE,006633,231f20,home,True,101,85,Jaguars,IU Indianapolis,IU Indianapolis Jaguars,IUIN,https://a.espncdn.com/i/teamlogos/ncaa/500/85.png,A81F30,d59f0f,93
401851421,2026,2,2026-03-02 00:00:00+00:00,2026-03-02 19:00:00-05:00,5261965,Manny Hill,325,Vikings,Cleveland State,Cleveland St,7.0,2,2,0,0,0,0,0,1,1,0,0,0,1,2,4,False,False,False,False,23,M. Hill,https://a.espncdn.com/i/headshots/mens-college-basketball/players/full/5261965.png,Guard,G,Cleveland State Vikings,s:40~l:41~t:325,cleveland-state-vikings,https://a.espncdn.com/i/teamlogos/ncaa/500/325.png,CLE,006633,231f20,home,True,101,85,Jaguars,IU Indianapolis,IU Indianapolis Jaguars,IUIN,https://a.espncdn.com/i/teamlogos/ncaa/500/85.png,A81F30,d59f0f,93
401851421,2026,2,2026-03-02 00:00:00+00:00,2026-03-02 19:00:00-05:00,5106598,Chevalier Emery,325,Vikings,Cleveland State,Cleveland St,22.0,7,11,2,2,7,8,0,2,2,1,0,0,4,2,23,False,False,False,True,1,C. Emery,,Guard,G,Cleveland State Vikings,s:40~l:41~t:325,cleveland-state-vikings,https://a.espncdn.com/i/teamlogos/ncaa/500/325.png,CLE,006633,231f20,home,True,101,85,Jaguars,IU Indianapolis,IU Indianapolis Jaguars,IUIN,https://a.espncdn.com/i/teamlogos/ncaa/500/85.png,A81F30,d59f0f,93
401851421,2026,2,2026-03-02 00:00:00+00:00,2026-03-02 19:00:00-05:00,4897481,Foster Wonders,325,Vikings,Cleveland State,Cleveland St,25.0,3,5,3,5,0,0,0,1,1,0,2,0,1,2,9,False,False,False,True,0,F. Wonders,https://a.espncdn.com/i/headshots/mens-college-basketball/players/full/4897481.png,Guard,G,Cleveland State Vikings,s:40~l:41~t:325,cleveland-state-vikings,https://a.espncdn.com/i/teamlogos/ncaa/500/325.png,CLE,006633,231f20,home,True,101,85,Jaguars,IU Indianapolis,IU Indianapolis Jaguars,IUIN,https://a.espncdn.com/i/teamlogos/ncaa/500/85.png,A81F30,d59f0f,93
401851421,2026,2,2026-03-02 00:00:00+00:00,2026-03-02 19:00:00-05:00,5313178,Kevo St. Hilaire,325,Vikings,Cleveland State,Cleveland St,,,,,,,,,,,,,,,,,False,False,True,False,50,K. St. Hilaire,https://a.espncdn.com/i/headshots/mens-college-basketball/players/full/5313178.png,Forward,F,Cleveland State Vikings,s:40~l:41~t:325,cleveland-state-vikings,https://a.espncdn.com/i/teamlogos/ncaa/500/325.png,CLE,006633,231f20,home,True,101,85,Jaguars,IU Indianapolis,IU Indianapolis Jaguars,IUIN,https://a.espncdn.com/i/teamlogos/ncaa/500/85.png,A81F30,d59f0f,93
401851421,2026,2,2026-03-02 00:00:00+00:00,2026-03-02 19:00:00-05:00,5313177,Ivan Spirov,325,Vikings,Cleveland State,Cleveland St,,,,,,,,,,,,,,,,,False,False,True,False,15,I. Spirov,,Forward,F,Cleveland State Vikings,s:40~l:41~t:325,cleveland-state-vikings,https://a.espncdn.com/i/teamlogos/ncaa/500/325.png,CLE,006633,231f20,home,True,101,85,Jaguars,IU Indianapolis,IU Indianapolis Jaguars,IUIN,https://a.espncdn.com/i/teamlogos/ncaa/500/85.png,A81F30,d59f0f,93
401851421,2026,2,2026-03-02 00:00:00+00:00,2026-03-02 19:00:00-05:00,5313176,Lucas Burton,325,Vikings,Cleveland State,Cleveland St,,,,,,,,,,,,,,,,,False,False,True,False,13,L. Burton,https://a.espncdn.com/i/headshots/mens-college-basketball/players/full/5313176.png,Forward,F,Cleveland State Vikings,s:40~l:41~t:325,cleveland-state-vikings,https://a.espncdn.com/i/teamlogos/ncaa/500/325.png,CLE,006633,231f20,home,True,101,85,Jaguars,IU Indianapolis,IU Indianapolis Jaguars,IUIN,https://a.espncdn.com/i/teamlogos/ncaa/500/85.png,A81F30,d59f0f,93
401851421,2026,2,2026-03-02 00:00:00+00:00,2026-03-02 19:00:00-05:00,5239604,Dayan Nessah,325,Vikings,Cleveland State,Cleveland St,,,,,,,,,,,,,,,,,False,False,True,False,7,D. Nessah,https://a.espncdn.com/i/headshots/mens-college-basketball/players/full/5239604.png,Forward,F,Cleveland State Vikings,s:40~l:41~t:325,cleveland-state-vikings,https://a.espncdn.com/i/teamlogos/ncaa/500/325.png,CLE,006633,231f20,home,True,101,85,Jaguars,IU Indianapolis,IU Indianapolis Jaguars,IUIN,https://a.espncdn.com/i/teamlogos/ncaa/500/85.png,A81F30,d59f0f,93
401851421,2026,2,2026-03-02 00:00:00+00:00,2026-03-02 19:00:00-05:00,5106292,Josiah Harris,325,Vikings,Cleveland State,Cleveland St,,,,,,,,,,,,,,,,,False,False,True,False,22,J. Harris,https://a.espncdn.com/i/headshots/mens-college-basketball/players/full/5106292.png,Forward,F,Cleveland State Vikings,s:40~l:41~t:325,cleveland-state-vikings,https://a.espncdn.com/i/teamlogos/ncaa/500/325.png,CLE,006633,231f20,home,True,101,85,Jaguars,IU Indianapolis,IU Indianapolis Jaguars,IUIN,https://a.espncdn.com/i/teamlogos/ncaa/500/85.png,A81F30,d59f0f,93
401851421,2026,2,2026-03-02 00:00:00+00:00,2026-03-02 19:00:00-05:00,5313175,Waqo Tessema,325,Vikings,Cleveland State,Cleveland St,,,,,,,,,,,,,,,,,False,False,True,False,11,W. Tessema,https://a.espncdn.com/i/headshots/mens-college-basketball/players/full/5313175.png,Guard,G,Cleveland State Vikings,s:40~l:41~t:325,cleveland-state-vikings,https://a.espncdn.com/i/teamlogos/ncaa/500/325.png,CLE,006633,231f20,home,True,101,85,Jaguars,IU Indianapolis,IU Indianapolis Jaguars,IUIN,https://a.espncdn.com/i/teamlogos/ncaa/500/85.png,A81F30,d59f0f,93
401851421,2026,2,2026-03-02 00:00:00+00:00,2026-03-02 19:00:00-05:00,5313174,David Giddens,325,Vikings,Cleveland State,Cleveland St,,,,,,,,,,,,,,,,,False,False,True,False,5,D. Giddens,https://a.espncdn.com/i/headshots/mens-college-basketball/players/full/5313174.png,Guard,G,Cleveland State Vikings,s:40~l:41~t:325,cleveland-state-vikings,https://a.espncdn.com/i/teamlogos/ncaa/500/325.png,CLE,006633,231f20,home,True,101,85,Jaguars,IU Indianapolis,IU Indianapolis Jaguars,IUIN,https://a.espncdn.com/i/teamlogos/ncaa/500/85.png,A81F30,d59f0f,93
401829289,2026,2,2026-03-02 00:00:00+00:00,2026-03-02 19:00:00-05:00,5317333,Derwin Hodge Jr.,2569,Bulldogs,South Carolina State,SC State,21.0,1,1,0,0,0,0,1,3,4,4,1,1,1,4,2,True,False,False,True,7,D. Hodge Jr,https://a.espncdn.com/i/headshots/mens-college-basketball/players/full/5317333.png,Forward,F,South Carolina State Bulldogs,s:40~l:41~t:2569,south-carolina-state-bulldogs,https://a.espncdn.com/i/teamlogos/ncaa/500/2569.png,SCST,7d1315,104897,away,True,61,2169,Hornets,Delaware State,Delaware State Hornets,DSU,https://a.espncdn.com/i/teamlogos/ncaa/500/2169.png,009cdb,d51c28,59
401829289,2026,2,2026-03-02 00:00:00+00:00,2026-03-02 19:00:00-05:00,5317334,Tim Okojie,2569,Bulldogs,South Carolina State,SC State,17.0,1,1,0,0,0,0,1,2,3,0,0,3,1,1,2,True,False,False,True,15,T. Okojie,https://a.espncdn.com/i/headshots/mens-college-basketball/players/full/5317334.png,Center,C,South Carolina State Bulldogs,s:40~l:41~t:2569,south-carolina-state-bulldogs,https://a.espncdn.com/i/teamlogos/ncaa/500/2569.png,SCST,7d1315,104897,away,True,61,2169,Hornets,Delaware State,Delaware State Hornets,DSU,https://a.espncdn.com/i/teamlogos/ncaa/500/2169.png,009cdb,d51c28,59
401829289,2026,2,2026-03-02 00:00:00+00:00,2026-03-02 19:00:00-05:00,5317332,Noah Treadwell,2569,Bulldogs,South Carolina State,SC State,34.0,7,12,4,8,0,0,0,1,1,0,0,0,0,1,18,True,False,False,True,0,N. Treadwell,https://a.espncdn.com/i/headshots/mens-college-basketball/players/full/5317332.png,Guard,G,South Carolina State Bulldogs,s:40~l:41~t:2569,south-carolina-state-bulldogs,https://a.espncdn.com/i/teamlogos/ncaa/500/2569.png,SCST,7d1315,104897,away,True,61,2169,Hornets,Delaware State,Delaware State Hornets,DSU,https://a.espncdn.com/i/teamlogos/ncaa/500/2169.png,009cdb,d51c28,59
401829289,2026,2,2026-03-02 00:00:00+00:00,2026-03-02 19:00:00-05:00,5243407,Jamal Miles,2569,Bulldogs,South Carolina State,SC State,17.0,1,4,0,2,1,3,1,0,1,0,0,0,0,1,3,True,False,False,False,14,J. Miles,https://a.espncdn.com/i/headshots/mens-college-basketball/players/full/5243407.png,Guard,G,South Carolina State Bulldogs,s:40~l:41~t:2569,south-carolina-state-bulldogs,https://a.espncdn.com/i/teamlogos/ncaa/500/2569.png,SCST,7d1315,104897,away,True,61,2169,Hornets,Delaware State,Delaware State Hornets,DSU,https://a.espncdn.com/i/teamlogos/ncaa/500/2169.png,009cdb,d51c28,59
401829289,2026,2,2026-03-02 00:00:00+00:00,2026-03-02 19:00:00-05:00,5243405,Jayden Johnson,2569,Bulldogs,South Carolina State,SC State,21.0,2,5,0,0,8,8,0,1,1,0,0,0,2,3,12,True,False,False,True,10,J. Johnson,https://a.espncdn.com/i/headshots/mens-college-basketball/players/full/5243405.png,Guard,G,South Carolina State Bulldogs,s:40~l:41~t:2569,south-carolina-state-bulldogs,https://a.espncdn.com/i/teamlogos/ncaa/500/2569.png,SCST,7d1315,104897,away,True,61,2169,Hornets,Delaware State,Delaware State Hornets,DSU,https://a.espncdn.com/i/teamlogos/ncaa/500/2169.png,009cdb,d51c28,59
401829289,2026,2,2026-03-02 00:00:00+00:00,2026-03-02 19:00:00-05:00,5241847,Cameron Clark,2569,Bulldogs,South Carolina State,SC State,21.0,3,6,0,0,5,6,0,4,4,0,0,0,3,3,11,False,False,False,False,4,C. Clark,https://a.espncdn.com/i/headshots/mens-college-basketball/players/full/5241847.png,Forward,F,South Carolina State Bulldogs,s:40~l:41~t:2569,south-carolina-state-bulldogs,https://a.espncdn.com/i/teamlogos/ncaa/500/2569.png,SCST,7d1315,104897,away,True,61,2169,Hornets,Delaware State,Delaware State Hornets,DSU,https://a.espncdn.com/i/teamlogos/ncaa/500/2169.png,009cdb,d51c28,59
401829289,2026,2,2026-03-02 00:00:00+00:00,2026-03-02 19:00:00-05:00,5317336,Teon Tindal,2569,Bulldogs,South Carolina State,SC State,13.0,0,2,0,0,2,2,0,0,0,1,1,0,2,0,2,False,False,False,False,32,T. Tindal,https://a.espncdn.com/i/headshots/mens-college-basketball/players/full/5317336.png,Center,C,South Carolina State Bulldogs,s:40~l:41~t:2569,south-carolina-state-bulldogs,https://a.espncdn.com/i/teamlogos/ncaa/500/2569.png,SCST,7d1315,104897,away,True,61,2169,Hornets,Delaware State,Delaware State Hornets,DSU,https://a.espncdn.com/i/teamlogos/ncaa/500/2169.png,009cdb,d51c28,59
401829289,2026,2,2026-03-02 00:00:00+00:00,2026-03-02 19:00:00-05:00,5323988,Rayniel Wright,2569,Bulldogs,South Carolina State,SC State,23.0,0,3,0,0,0,0,0,1,1,2,2,0,1,0,0,False,False,False,False,30,R. Wright,https://a.espncdn.com/i/headshots/mens-college-basketball/players/full/5323988.png,Guard,G,South Carolina State Bulldogs,s:40~l:41~t:2569,south-carolina-state-bulldogs,https://a.espncdn.com/i/teamlogos/ncaa/500/2569.png,SCST,7d1315,104897,away,True,61,2169,Hornets,Delaware State,Delaware State Hornets,DSU,https://a.espncdn.com/i/teamlogos/ncaa/500/2169.png,009cdb,d51c28,59
401829289,2026,2,2026-03-02 00:00:00+00:00,2026-03-02 19:00:00-05:00,5317337,Chris Parker,2569,Bulldogs,South Carolina State,SC State,9.0,0,3,0,0,2,2,0,1,1,0,0,0,0,0,2,False,False,False,False,55,C. Parker,https://a.espncdn.com/i/headshots/mens-college-basketball/players/full/5317337.png,Guard,G,South Carolina State Bulldogs,s:40~l:41~t:2569,south-carolina-state-bulldogs,https://a.espncdn.com/i/teamlogos/ncaa/500/2569.png,SCST,7d1315,104897,away,True,61,2169,Hornets,Delaware State,Delaware State Hornets,DSU,https://a.espncdn.com/i/teamlogos/ncaa/500/2169.png,009cdb,d51c28,59
401829289,2026,2,2026-03-02 00:00:00+00:00,2026-03-02 19:00:00-05:00,5243404,Florian Tenebay,2569,Bulldogs,South Carolina State,SC State,24.0,1,5,0,1,7,8,1,6,7,2,1,0,1,2,9,False,False,False,True,1,F. Tenebay,https://a.espncdn.com/i/headshots/mens-college-basketball/players/full/5243404.png,Guard,G,South Carolina State Bulldogs,s:40~l:41~t:2569,south-carolina-state-bulldogs,https://a.espncdn.com/i/teamlogos/ncaa/500/2569.png,SCST,7d1315,104897,away,True,61,2169,Hornets,Delaware State,Delaware State Hornets,DSU,https://a.espncdn.com/i/teamlogos/ncaa/500/2169.png,009cdb,d51c28,59
401829289,2026,2,2026-03-02 00:00:00+00:00,2026-03-02 19:00:00-05:00,5243409,D'Shay Knights Wright,2569,Bulldogs,South Carolina State,SC State,,,,,,,,,,,,,,,,,False,False,True,False,23,D. Knights Wright,,Forward,F,South Carolina State Bulldogs,s:40~l:41~t:2569,south-carolina-state-bulldogs,https://a.espncdn.com/i/teamlogos/ncaa/500/2569.png,SCST,7d1315,104897,away,True,61,2169,Hornets,Delaware State,Delaware State Hornets,DSU,https://a.espncdn.com/i/teamlogos/ncaa/500/2169.png,009cdb,d51c28,59
401829289,2026,2,2026-03-02 00:00:00+00:00,2026-03-02 19:00:00-05:00,5323987,Owen Bronston Jr.,2569,Bulldogs,South Carolina State,SC State,,,,,,,,,,,,,,,,,False,False,True,False,5,O. Bronston Jr.,https://a.espncdn.com/i/headshots/mens-college-basketball/players/full/5323987.png,Guard,G,South Carolina State Bulldogs,s:40~l:41~t:2569,south-carolina-state-bulldogs,https://a.espncdn.com/i/teamlogos/ncaa/500/2569.png,SCST,7d1315,104897,away,True,61,2169,Hornets,Delaware State,Delaware State Hornets,DSU,https://a.espncdn.com/i/teamlogos/ncaa/500/2169.png,009cdb,d51c28,59
401829289,2026,2,2026-03-02 00:00:00+00:00,2026-03-02 19:00:00-05:00,5179094,James Morrow,2569,Bulldogs,South Carolina State,SC State,,,,,,,,,,,,,,,,,False,False,True,False,22,J. Morrow,https://a.espncdn.com/i/headshots/mens-college-basketball/players/full/5179094.png,Guard,G,South Carolina State Bulldogs,s:40~l:41~t:2569,south-carolina-state-bulldogs,https://a.espncdn.com/i/teamlogos/ncaa/500/2569.png,SCST,7d1315,104897,away,True,61,2169,Hornets,Delaware State,Delaware State Hornets,DSU,https://a.espncdn.com/i/teamlogos/ncaa/500/2169.png,009cdb,d51c28,59
401829289,2026,2,2026-03-02 00:00:00+00:00,2026-03-02 19:00:00-05:00,5106054,Colin McKenzie,2569,Bulldogs,South Carolina State,SC State,,,,,,,,,,,,,,,,,False,False,True,False,2,C. McKenzie,https://a.espncdn.com/i/headshots/mens-college-basketball/players/full/5106054.png,Guard,G,South Carolina State Bulldogs,s:40~l:41~t:2569,south-carolina-state-bulldogs,https://a.espncdn.com/i/teamlogos/ncaa/500/2569.png,SCST,7d1315,104897,away,True,61,2169,Hornets,Delaware State,Delaware State Hornets,DSU,https://a.espncdn.com/i/teamlogos/ncaa/500/2169.png,009cdb,d51c28,59
401829289,2026,2,2026-03-02 00:00:00+00:00,2026-03-02 19:00:00-05:00,5107879,Bessanty Saragba,2169,Hornets,Delaware State,Delaware St,38.0,3,5,0,0,3,4,1,2,3,0,0,0,0,1,9,True,False,False,False,42,B. Saragba,https://a.espncdn.com/i/headshots/mens-college-basketball/players/full/5107879.png,Forward,F,Delaware State Hornets,s:40~l:41~t:2169,delaware-state-hornets,https://a.espncdn.com/i/teamlogos/ncaa/500/2169.png,DSU,009cdb,d51c28,home,False,59,2569,Bulldogs,South Carolina State,South Carolina State Bulldogs,SCST,https://a.espncdn.com/i/teamlogos/ncaa/500/2569.png,7d1315,104897,61
401829289,2026,2,2026-03-02 00:00:00+00:00,2026-03-02 19:00:00-05:00,5317274,Cyril Obasogie,2169,Hornets,Delaware State,Delaware St,28.0,1,5,0,0,2,2,2,6,8,0,2,1,0,5,4,True,False,False,False,10,C. Obasogie,https://a.espncdn.com/i/headshots/mens-college-basketball/players/full/5317274.png,Center,C,Delaware State Hornets,s:40~l:41~t:2169,delaware-state-hornets,https://a.espncdn.com/i/teamlogos/ncaa/500/2169.png,DSU,009cdb,d51c28,home,False,59,2569,Bulldogs,South Carolina State,South Carolina State Bulldogs,SCST,https://a.espncdn.com/i/teamlogos/ncaa/500/2569.png,7d1315,104897,61
401829289,2026,2,2026-03-02 00:00:00+00:00,2026-03-02 19:00:00-05:00,5243399,Ponce James,2169,Hornets,Delaware State,Delaware St,39.0,4,13,0,4,2,2,3,2,5,2,2,0,2,3,10,True,False,False,True,1,P. James,https://a.espncdn.com/i/headshots/mens-college-basketball/players/full/5243399.png,Guard,G,Delaware State Hornets,s:40~l:41~t:2169,delaware-state-hornets,https://a.espncdn.com/i/teamlogos/ncaa/500/2169.png,DSU,009cdb,d51c28,home,False,59,2569,Bulldogs,South Carolina State,South Carolina State Bulldogs,SCST,https://a.espncdn.com/i/teamlogos/ncaa/500/2569.png,7d1315,104897,61
401829289,2026,2,2026-03-02 00:00:00+00:00,2026-03-02 19:00:00-05:00,5176278,Dean Shepherd,2169,Hornets,Delaware State,Delaware St,28.0,2,6,0,1,5,6,0,3,3,1,2,0,1,1,9,True,False,False,False,22,D. Shepherd,https://a.espncdn.com/i/headshots/mens-college-basketball/players/full/5176278.png,Guard,G,Delaware State Hornets,s:40~l:41~t:2169,delaware-state-hornets,https://a.espncdn.com/i/teamlogos/ncaa/500/2169.png,DSU,009cdb,d51c28,home,False,59,2569,Bulldogs,South Carolina State,South Carolina State Bulldogs,SCST,https://a.espncdn.com/i/teamlogos/ncaa/500/2569.png,7d1315,104897,61
401829289,2026,2,2026-03-02 00:00:00+00:00,2026-03-02 19:00:00-05:00,4592477,Rahmir Moore,2169,Hornets,Delaware State,Delaware St,27.0,2,9,2,6,6,6,4,1,5,0,1,0,2,5,12,True,False,False,False,0,R. Moore,https://a.espncdn.com/i/headshots/mens-college-basketball/players/full/4592477.png,Guard,G,Delaware State Hornets,s:40~l:41~t:2169,delaware-state-hornets,https://a.espncdn.com/i/teamlogos/ncaa/500/2169.png,DSU,009cdb,d51c28,home,False,59,2569,Bulldogs,South Carolina State,South Carolina State Bulldogs,SCST,https://a.espncdn.com/i/teamlogos/ncaa/500/2569.png,7d1315,104897,61
401829289,2026,2,2026-03-02 00:00:00+00:00,2026-03-02 19:00:00-05:00,5106611,Miles Webb,2169,Hornets,Delaware State,Delaware St,6.0,0,0,0,0,0,0,0,1,1,0,0,0,1,3,0,False,False,False,True,3,M. Webb,https://a.espncdn.com/i/headshots/mens-college-basketball/players/full/5106611.png,Forward,F,Delaware State Hornets,s:40~l:41~t:2169,delaware-state-hornets,https://a.espncdn.com/i/teamlogos/ncaa/500/2169.png,DSU,009cdb,d51c28,home,False,59,2569,Bulldogs,South Carolina State,South Carolina State Bulldogs,SCST,https://a.espncdn.com/i/teamlogos/ncaa/500/2569.png,7d1315,104897,61
401829289,2026,2,2026-03-02 00:00:00+00:00,2026-03-02 19:00:00-05:00,5317273,Jalen St Clair,2169,Hornets,Delaware State,Delaware St,23.0,5,8,1,1,2,4,0,1,1,0,0,0,1,4,13,False,False,False,True,8,J. St Clair,https://a.espncdn.com/i/headshots/mens-college-basketball/players/full/5317273.png,Guard,G,Delaware State Hornets,s:40~l:41~t:2169,delaware-state-hornets,https://a.espncdn.com/i/teamlogos/ncaa/500/2169.png,DSU,009cdb,d51c28,home,False,59,2569,Bulldogs,South Carolina State,South Carolina State Bulldogs,SCST,https://a.espncdn.com/i/teamlogos/ncaa/500/2569.png,7d1315,104897,61
401829289,2026,2,2026-03-02 00:00:00+00:00,2026-03-02 19:00:00-05:00,5243397,John Clemmons,2169,Hornets,Delaware State,Delaware St,3.0,0,1,0,1,0,0,0,2,2,0,0,0,1,0,0,False,False,False,True,5,J. Clemmons,https://a.espncdn.com/i/headshots/mens-college-basketball/players/full/5243397.png,Guard,G,Delaware State Hornets,s:40~l:41~t:2169,delaware-state-hornets,https://a.espncdn.com/i/teamlogos/ncaa/500/2169.png,DSU,009cdb,d51c28,home,False,59,2569,Bulldogs,South Carolina State,South Carolina State Bulldogs,SCST,https://a.espncdn.com/i/teamlogos/ncaa/500/2569.png,7d1315,104897,61
401829289,2026,2,2026-03-02 00:00:00+00:00,2026-03-02 19:00:00-05:00,4433577,Zion Bethea,2169,Hornets,Delaware State,Delaware St,8.0,1,3,0,2,0,0,0,0,0,0,1,0,0,1,2,False,False,False,True,4,Z. Bethea,https://a.espncdn.com/i/headshots/mens-college-basketball/players/full/4433577.png,Guard,G,Delaware State Hornets,s:40~l:41~t:2169,delaware-state-hornets,https://a.espncdn.com/i/teamlogos/ncaa/500/2169.png,DSU,009cdb,d51c28,home,False,59,2569,Bulldogs,South Carolina State,South Carolina State Bulldogs,SCST,https://a.espncdn.com/i/teamlogos/ncaa/500/2569.png,7d1315,104897,61
401829289,2026,2,2026-03-02 00:00:00+00:00,2026-03-02 19:00:00-05:00,5326468,Omar Stephen,2169,Hornets,Delaware State,Delaware St,,,,,,,,,,,,,,,,,False,False,True,False,,O. Stephen,,Forward,F,Delaware State Hornets,s:40~l:41~t:2169,delaware-state-hornets,https://a.espncdn.com/i/teamlogos/ncaa/500/2169.png,DSU,009cdb,d51c28,home,False,59,2569,Bulldogs,South Carolina State,South Carolina State Bulldogs,SCST,https://a.espncdn.com/i/teamlogos/ncaa/500/2569.png,7d1315,104897,61
401829289,2026,2,2026-03-02 00:00:00+00:00,2026-03-02 19:00:00-05:00,5317276,Ademar Santos,2169,Hornets,Delaware State,Delaware St,,,,,,,,,,,,,,,,,False,False,True,False,37,A. Santos,https://a.espncdn.com/i/headshots/mens-college-basketball/players/full/5317276.png,Forward,F,Delaware State Hornets,s:40~l:41~t:2169,delaware-state-hornets,https://a.espncdn.com/i/teamlogos/ncaa/500/2169.png,DSU,009cdb,d51c28,home,False,59,2569,Bulldogs,South Carolina State,South Carolina State Bulldogs,SCST,https://a.espncdn.com/i/teamlogos/ncaa/500/2569.png,7d1315,104897,61
401829289,2026,2,2026-03-02 00:00:00+00:00,2026-03-02 19:00:00-05:00,5108720,Kareem Watson,2169,Hornets,Delaware State,Delaware St,,,,,,,,,,,,,,,,,False,False,True,False,13,K. Watson,https://a.espncdn.com/i/headshots/mens-college-basketball/players/full/5108720.png,Forward,F,Delaware State Hornets,s:40~l:41~t:2169,delaware-state-hornets,https://a.espncdn.com/i/teamlogos/ncaa/500/2169.png,DSU,009cdb,d51c28,home,False,59,2569,Bulldogs,South Carolina State,South Carolina State Bulldogs,SCST,https://a.espncdn.com/i/teamlogos/ncaa/500/2569.png,7d1315,104897,61
401829289,2026,2,2026-03-02 00:00:00+00:00,2026-03-02 19:00:00-05:00,5317275,Muazibini Adamu,2169,Hornets,Delaware State,Delaware St,,,,,,,,,,,,,,,,,False,False,True,False,35,M. Adamu,https://a.espncdn.com/i/headshots/mens-college-basketball/players/full/5317275.png,Center,C,Delaware State Hornets,s:40~l:41~t:2169,delaware-state-hornets,https://a.espncdn.com/i/teamlogos/ncaa/500/2169.png,DSU,009cdb,d51c28,home,False,59,2569,Bulldogs,South Carolina State,South Carolina State Bulldogs,SCST,https://a.espncdn.com/i/teamlogos/ncaa/500/2569.png,7d1315,104897,61
401829289,2026,2,2026-03-02 00:00:00+00:00,2026-03-02 19:00:00-05:00,5243398,Theodore Pendergrass III,2169,Hornets,Delaware State,Delaware St,,,,,,,,,,,,,,,,,False,False,True,False,,T. Pendergrass III,https://a.espncdn.com/i/headshots/mens-college-basketball/players/full/5243398.png,Guard,G,Delaware State Hornets,s:40~l:41~t:2169,delaware-state-hornets,https://a.espncdn.com/i/teamlogos/ncaa/500/2169.png,DSU,009cdb,d51c28,home,False,59,2569,Bulldogs,South Carolina State,South Carolina State Bulldogs,SCST,https://a.espncdn.com/i/teamlogos/ncaa/500/2569.png,7d1315,104897,61
401829289,2026,2,2026-03-02 00:00:00+00:00,2026-03-02 19:00:00-05:00,5174995,Camian Shell,2169,Hornets,Delaware State,Delaware St,,,,,,,,,,,,,,,,,False,False,True,False,11,C. Shell,https://a.espncdn.com/i/headshots/mens-college-basketball/players/full/5174995.png,Guard,G,Delaware State Hornets,s:40~l:41~t:2169,delaware-state-hornets,https://a.espncdn.com/i/teamlogos/ncaa/500/2169.png,DSU,009cdb,d51c28,home,False,59,2569,Bulldogs,South Carolina State,South Carolina State Bulldogs,SCST,https://a.espncdn.com/i/teamlogos/ncaa/500/2569.png,7d1315,104897,61
401829289,2026,2,2026-03-02 00:00:00+00:00,2026-03-02 19:00:00-05:00,4897761,Corey Perkins,2169,Hornets,Delaware State,Delaware St,,,,,,,,,,,,,,,,,False,False,True,False,2,C. Perkins,https://a.espncdn.com/i/headshots/mens-college-basketball/players/full/4897761.png,Guard,G,Delaware State Hornets,s:40~l:41~t:2169,delaware-state-hornets,https://a.espncdn.com/i/teamlogos/ncaa/500/2169.png,DSU,009cdb,d51c28,home,False,59,2569,Bulldogs,South Carolina State,South Carolina State Bulldogs,SCST,https://a.espncdn.com/i/teamlogos/ncaa/500/2569.png,7d1315,104897,61
401823055,2026,2,2026-03-02 00:00:00+00:00,2026-03-02 19:00:00-05:00,5106673,Kelechi Okworogwo,2428,Eagles,North Carolina Central,NC Central,36.0,4,7,1,2,3,4,2,1,3,0,1,0,1,3,12,True,False,False,True,21,K. Okworogwo,https://a.espncdn.com/i/headshots/mens-college-basketball/players/full/5106673.png,Forward,F,North Carolina Central Eagles,s:40~l:41~t:2428,north-carolina-central-eagles,https://a.espncdn.com/i/teamlogos/ncaa/500/2428.png,NCCU,880023,c2c3c0,away,True,77,2379,Hawks,Maryland Eastern Shore,Maryland Eastern Shore Hawks,UMES,https://a.espncdn.com/i/teamlogos/ncaa/500/2379.png,5c2301,b5b7ba,73
401823055,2026,2,2026-03-02 00:00:00+00:00,2026-03-02 19:00:00-05:00,5314190,Gage Lattimore,2428,Eagles,North Carolina Central,NC Central,37.0,4,13,3,8,12,14,0,3,3,6,2,1,1,3,23,True,False,False,True,11,G. Lattimore,https://a.espncdn.com/i/headshots/mens-college-basketball/players/full/5314190.png,Guard,G,North Carolina Central Eagles,s:40~l:41~t:2428,north-carolina-central-eagles,https://a.espncdn.com/i/teamlogos/ncaa/500/2428.png,NCCU,880023,c2c3c0,away,True,77,2379,Hawks,Maryland Eastern Shore,Maryland Eastern Shore Hawks,UMES,https://a.espncdn.com/i/teamlogos/ncaa/500/2379.png,5c2301,b5b7ba,73
401823055,2026,2,2026-03-02 00:00:00+00:00,2026-03-02 19:00:00-05:00,5240023,Kyric Davis,2428,Eagles,North Carolina Central,NC Central,40.0,7,16,0,2,0,4,2,1,3,3,4,0,0,0,14,True,False,False,True,1,K. Davis,https://a.espncdn.com/i/headshots/mens-college-basketball/players/full/5240023.png,Guard,G,North Carolina Central Eagles,s:40~l:41~t:2428,north-carolina-central-eagles,https://a.espncdn.com/i/teamlogos/ncaa/500/2428.png,NCCU,880023,c2c3c0,away,True,77,2379,Hawks,Maryland Eastern Shore,Maryland Eastern Shore Hawks,UMES,https://a.espncdn.com/i/teamlogos/ncaa/500/2379.png,5c2301,b5b7ba,73
401823055,2026,2,2026-03-02 00:00:00+00:00,2026-03-02 19:00:00-05:00,5239749,Tekao Carpenter,2428,Eagles,North Carolina Central,NC Central,26.0,1,2,0,1,2,2,1,0,1,0,4,0,3,3,4,True,False,False,True,5,T. Carpenter,https://a.espncdn.com/i/headshots/mens-college-basketball/players/full/5239749.png,Guard,G,North Carolina Central Eagles,s:40~l:41~t:2428,north-carolina-central-eagles,https://a.espncdn.com/i/teamlogos/ncaa/500/2428.png,NCCU,880023,c2c3c0,away,True,77,2379,Hawks,Maryland Eastern Shore,Maryland Eastern Shore Hawks,UMES,https://a.espncdn.com/i/teamlogos/ncaa/500/2379.png,5c2301,b5b7ba,73
401823055,2026,2,2026-03-02 00:00:00+00:00,2026-03-02 19:00:00-05:00,5108775,Dionte Johnson,2428,Eagles,North Carolina Central,NC Central,36.0,4,7,3,5,4,4,0,5,5,4,2,0,1,3,15,True,False,False,True,2,D. Johnson,https://a.espncdn.com/i/headshots/mens-college-basketball/players/full/5108775.png,Guard,G,North Carolina Central Eagles,s:40~l:41~t:2428,north-carolina-central-eagles,https://a.espncdn.com/i/teamlogos/ncaa/500/2428.png,NCCU,880023,c2c3c0,away,True,77,2379,Hawks,Maryland Eastern Shore,Maryland Eastern Shore Hawks,UMES,https://a.espncdn.com/i/teamlogos/ncaa/500/2379.png,5c2301,b5b7ba,73
401823055,2026,2,2026-03-02 00:00:00+00:00,2026-03-02 19:00:00-05:00,5241371,Ramondo Battle II,2428,Eagles,North Carolina Central,NC Central,2.0,0,1,0,0,0,0,0,1,1,0,0,0,0,0,0,False,False,False,False,22,R. Battle II,https://a.espncdn.com/i/headshots/mens-college-basketball/players/full/5241371.png,Forward,F,North Carolina Central Eagles,s:40~l:41~t:2428,north-carolina-central-eagles,https://a.espncdn.com/i/teamlogos/ncaa/500/2428.png,NCCU,880023,c2c3c0,away,True,77,2379,Hawks,Maryland Eastern Shore,Maryland Eastern Shore Hawks,UMES,https://a.espncdn.com/i/teamlogos/ncaa/500/2379.png,5c2301,b5b7ba,73
401823055,2026,2,2026-03-02 00:00:00+00:00,2026-03-02 19:00:00-05:00,5179293,Gbenga Olubi,2428,Eagles,North Carolina Central,NC Central,3.0,0,1,0,0,0,0,0,0,0,1,1,0,0,0,0,False,False,False,False,9,G. Olubi,https://a.espncdn.com/i/headshots/mens-college-basketball/players/full/5179293.png,Forward,F,North Carolina Central Eagles,s:40~l:41~t:2428,north-carolina-central-eagles,https://a.espncdn.com/i/teamlogos/ncaa/500/2428.png,NCCU,880023,c2c3c0,away,True,77,2379,Hawks,Maryland Eastern Shore,Maryland Eastern Shore Hawks,UMES,https://a.espncdn.com/i/teamlogos/ncaa/500/2379.png,5c2301,b5b7ba,73
401823055,2026,2,2026-03-02 00:00:00+00:00,2026-03-02 19:00:00-05:00,5176670,Jae Slack,2428,Eagles,North Carolina Central,NC Central,14.0,3,3,2,2,1,1,0,0,0,0,0,0,2,2,9,False,False,False,False,8,J. Slack,https://a.espncdn.com/i/headshots/mens-college-basketball/players/full/5176670.png,Forward,F,North Carolina Central Eagles,s:40~l:41~t:2428,north-carolina-central-eagles,https://a.espncdn.com/i/teamlogos/ncaa/500/2428.png,NCCU,880023,c2c3c0,away,True,77,2379,Hawks,Maryland Eastern Shore,Maryland Eastern Shore Hawks,UMES,https://a.espncdn.com/i/teamlogos/ncaa/500/2379.png,5c2301,b5b7ba,73
401823055,2026,2,2026-03-02 00:00:00+00:00,2026-03-02 19:00:00-05:00,5258958,Justin Edwards,2428,Eagles,North Carolina Central,NC Central,3.0,0,0,0,0,0,0,0,0,0,1,1,0,2,0,0,False,False,False,False,12,J. Edwards,https://a.espncdn.com/i/headshots/mens-college-basketball/players/full/5258958.png,Guard,G,North Carolina Central Eagles,s:40~l:41~t:2428,north-carolina-central-eagles,https://a.espncdn.com/i/teamlogos/ncaa/500/2428.png,NCCU,880023,c2c3c0,away,True,77,2379,Hawks,Maryland Eastern Shore,Maryland Eastern Shore Hawks,UMES,https://a.espncdn.com/i/teamlogos/ncaa/500/2379.png,5c2301,b5b7ba,73
401823055,2026,2,2026-03-02 00:00:00+00:00,2026-03-02 19:00:00-05:00,5176266,Ryan Archey,2428,Eagles,North Carolina Central,NC Central,3.0,0,0,0,0,0,0,0,0,0,0,0,0,0,0,0,False,False,False,False,10,R. Archey,https://a.espncdn.com/i/headshots/mens-college-basketball/players/full/5176266.png,Guard,G,North Carolina Central Eagles,s:40~l:41~t:2428,north-carolina-central-eagles,https://a.espncdn.com/i/teamlogos/ncaa/500/2428.png,NCCU,880023,c2c3c0,away,True,77,2379,Hawks,Maryland Eastern Shore,Maryland Eastern Shore Hawks,UMES,https://a.espncdn.com/i/teamlogos/ncaa/500/2379.png,5c2301,b5b7ba,73
401823055,2026,2,2026-03-02 00:00:00+00:00,2026-03-02 19:00:00-05:00,5242551,Khouri Carvey,2428,Eagles,North Carolina Central,NC Central,,,,,,,,,,,,,,,,,False,False,True,False,7,K. Carvey,https://a.espncdn.com/i/headshots/mens-college-basketball/players/full/5242551.png,Forward,F,North Carolina Central Eagles,s:40~l:41~t:2428,north-carolina-central-eagles,https://a.espncdn.com/i/teamlogos/ncaa/500/2428.png,NCCU,880023,c2c3c0,away,True,77,2379,Hawks,Maryland Eastern Shore,Maryland Eastern Shore Hawks,UMES,https://a.espncdn.com/i/teamlogos/ncaa/500/2379.png,5c2301,b5b7ba,73
401823055,2026,2,2026-03-02 00:00:00+00:00,2026-03-02 19:00:00-05:00,5107900,Jonathan Dunn,2428,Eagles,North Carolina Central,NC Central,,,,,,,,,,,,,,,,,False,False,True,False,13,J. Dunn,https://a.espncdn.com/i/headshots/mens-college-basketball/players/full/5107900.png,Forward,F,North Carolina Central Eagles,s:40~l:41~t:2428,north-carolina-central-eagles,https://a.espncdn.com/i/teamlogos/ncaa/500/2428.png,NCCU,880023,c2c3c0,away,True,77,2379,Hawks,Maryland Eastern Shore,Maryland Eastern Shore Hawks,UMES,https://a.espncdn.com/i/teamlogos/ncaa/500/2379.png,5c2301,b5b7ba,73
401823055,2026,2,2026-03-02 00:00:00+00:00,2026-03-02 19:00:00-05:00,5314188,Khalil Arnold,2428,Eagles,North Carolina Central,NC Central,,,,,,,,,,,,,,,,,False,False,True,False,3,K. Arnold,,Guard,G,North Carolina Central Eagles,s:40~l:41~t:2428,north-carolina-central-eagles,https://a.espncdn.com/i/teamlogos/ncaa/500/2428.png,NCCU,880023,c2c3c0,away,True,77,2379,Hawks,Maryland Eastern Shore,Maryland Eastern Shore Hawks,UMES,https://a.espncdn.com/i/teamlogos/ncaa/500/2379.png,5c2301,b5b7ba,73
401823055,2026,2,2026-03-02 00:00:00+00:00,2026-03-02 19:00:00-05:00,5243400,Camren Daniels,2428,Eagles,North Carolina Central,NC Central,,,,,,,,,,,,,,,,,False,False,True,False,4,C. Daniels,https://a.espncdn.com/i/headshots/mens-college-basketball/players/full/5243400.png,Guard,G,North Carolina Central Eagles,s:40~l:41~t:2428,north-carolina-central-eagles,https://a.espncdn.com/i/teamlogos/ncaa/500/2428.png,NCCU,880023,c2c3c0,away,True,77,2379,Hawks,Maryland Eastern Shore,Maryland Eastern Shore Hawks,UMES,https://a.espncdn.com/i/teamlogos/ncaa/500/2379.png,5c2301,b5b7ba,73
401823055,2026,2,2026-03-02 00:00:00+00:00,2026-03-02 19:00:00-05:00,5179290,Caleb Ellison,2428,Eagles,North Carolina Central,NC Central,,,,,,,,,,,,,,,,,False,False,True,False,0,C. Ellison,https://a.espncdn.com/i/headshots/mens-college-basketball/players/full/5179290.png,Guard,G,North Carolina Central Eagles,s:40~l:41~t:2428,north-carolina-central-eagles,https://a.espncdn.com/i/teamlogos/ncaa/500/2428.png,NCCU,880023,c2c3c0,away,True,77,2379,Hawks,Maryland Eastern Shore,Maryland Eastern Shore Hawks,UMES,https://a.espncdn.com/i/teamlogos/ncaa/500/2379.png,5c2301,b5b7ba,73
401823055,2026,2,2026-03-02 00:00:00+00:00,2026-03-02 19:00:00-05:00,5107653,Dorion Staples,2379,Hawks,Maryland Eastern Shore,MD Eastern,23.0,4,8,3,5,0,0,0,3,3,3,0,0,4,3,11,True,False,False,True,5,D. Staples,https://a.espncdn.com/i/headshots/mens-college-basketball/players/full/5107653.png,Forward,F,Maryland Eastern Shore Hawks,s:40~l:41~t:2379,maryland-eastern-shore-hawks,https://a.espncdn.com/i/teamlogos/ncaa/500/2379.png,UMES,5c2301,b5b7ba,home,False,73,2428,Eagles,North Carolina Central,North Carolina Central Eagles,NCCU,https://a.espncdn.com/i/teamlogos/ncaa/500/2428.png,880023,c2c3c0,77
401823055,2026,2,2026-03-02 00:00:00+00:00,2026-03-02 19:00:00-05:00,4873199,Maurice Vassel,2379,Hawks,Maryland Eastern Shore,MD Eastern,14.0,1,3,0,0,1,2,7,2,9,1,0,1,1,2,3,True,False,False,False,22,M. Vassel,https://a.espncdn.com/i/headshots/mens-college-basketball/players/full/4873199.png,Forward,F,Maryland Eastern Shore Hawks,s:40~l:41~t:2379,maryland-eastern-shore-hawks,https://a.espncdn.com/i/teamlogos/ncaa/500/2379.png,UMES,5c2301,b5b7ba,home,False,73,2428,Eagles,North Carolina Central,North Carolina Central Eagles,NCCU,https://a.espncdn.com/i/teamlogos/ncaa/500/2428.png,880023,c2c3c0,77
401823055,2026,2,2026-03-02 00:00:00+00:00,2026-03-02 19:00:00-05:00,5314177,Levi Beckwith,2379,Hawks,Maryland Eastern Shore,MD Eastern,21.0,1,4,0,0,0,0,0,5,5,2,0,0,0,3,2,True,False,False,False,24,L. Beckwith,https://a.espncdn.com/i/headshots/mens-college-basketball/players/full/5314177.png,Small Forward,SF,Maryland Eastern Shore Hawks,s:40~l:41~t:2379,maryland-eastern-shore-hawks,https://a.espncdn.com/i/teamlogos/ncaa/500/2379.png,UMES,5c2301,b5b7ba,home,False,73,2428,Eagles,North Carolina Central,North Carolina Central Eagles,NCCU,https://a.espncdn.com/i/teamlogos/ncaa/500/2428.png,880023,c2c3c0,77
401823055,2026,2,2026-03-02 00:00:00+00:00,2026-03-02 19:00:00-05:00,5179096,Michael Teal,2379,Hawks,Maryland Eastern Shore,MD Eastern,38.0,7,13,1,2,0,0,2,1,3,5,2,0,5,3,15,True,False,False,True,4,M. Teal,https://a.espncdn.com/i/headshots/mens-college-basketball/players/full/5179096.png,Guard,G,Maryland Eastern Shore Hawks,s:40~l:41~t:2379,maryland-eastern-shore-hawks,https://a.espncdn.com/i/teamlogos/ncaa/500/2379.png,UMES,5c2301,b5b7ba,home,False,73,2428,Eagles,North Carolina Central,North Carolina Central Eagles,NCCU,https://a.espncdn.com/i/teamlogos/ncaa/500/2428.png,880023,c2c3c0,77
401823055,2026,2,2026-03-02 00:00:00+00:00,2026-03-02 19:00:00-05:00,4898212,Jaden Cooper,2379,Hawks,Maryland Eastern Shore,MD Eastern,14.0,1,4,1,3,0,0,1,0,1,3,1,0,2,2,3,True,False,False,True,0,J. Cooper,https://a.espncdn.com/i/headshots/mens-college-basketball/players/full/4898212.png,Guard,G,Maryland Eastern Shore Hawks,s:40~l:41~t:2379,maryland-eastern-shore-hawks,https://a.espncdn.com/i/teamlogos/ncaa/500/2379.png,UMES,5c2301,b5b7ba,home,False,73,2428,Eagles,North Carolina Central,North Carolina Central Eagles,NCCU,https://a.espncdn.com/i/teamlogos/ncaa/500/2428.png,880023,c2c3c0,77
401823055,2026,2,2026-03-02 00:00:00+00:00,2026-03-02 19:00:00-05:00,5243393,Christopher Flippin,2379,Hawks,Maryland Eastern Shore,MD Eastern,8.0,2,3,0,0,0,0,1,3,4,1,1,0,1,0,4,False,False,False,False,35,C. Flippin,https://a.espncdn.com/i/headshots/mens-college-basketball/players/full/5243393.png,Power Forward,PF,Maryland Eastern Shore Hawks,s:40~l:41~t:2379,maryland-eastern-shore-hawks,https://a.espncdn.com/i/teamlogos/ncaa/500/2379.png,UMES,5c2301,b5b7ba,home,False,73,2428,Eagles,North Carolina Central,North Carolina Central Eagles,NCCU,https://a.espncdn.com/i/teamlogos/ncaa/500/2428.png,880023,c2c3c0,77
401823055,2026,2,2026-03-02 00:00:00+00:00,2026-03-02 19:00:00-05:00,5314176,Joseph Locandro,2379,Hawks,Maryland Eastern Shore,MD Eastern,19.0,4,5,2,3,0,0,0,3,3,1,0,1,2,2,10,False,False,False,True,14,J. Locandro,https://a.espncdn.com/i/headshots/mens-college-basketball/players/full/5314176.png,Forward,F,Maryland Eastern Shore Hawks,s:40~l:41~t:2379,maryland-eastern-shore-hawks,https://a.espncdn.com/i/teamlogos/ncaa/500/2379.png,UMES,5c2301,b5b7ba,home,False,73,2428,Eagles,North Carolina Central,North Carolina Central Eagles,NCCU,https://a.espncdn.com/i/teamlogos/ncaa/500/2428.png,880023,c2c3c0,77
401823055,2026,2,2026-03-02 00:00:00+00:00,2026-03-02 19:00:00-05:00,5314172,Jaden Johnson,2379,Hawks,Maryland Eastern Shore,MD Eastern,5.0,1,2,0,0,0,0,0,0,0,0,1,0,1,0,2,False,False,False,False,2,J. Johnson,https://a.espncdn.com/i/headshots/mens-college-basketball/players/full/5314172.png,Point Guard,PG,Maryland Eastern Shore Hawks,s:40~l:41~t:2379,maryland-eastern-shore-hawks,https://a.espncdn.com/i/teamlogos/ncaa/500/2379.png,UMES,5c2301,b5b7ba,home,False,73,2428,Eagles,North Carolina Central,North Carolina Central Eagles,NCCU,https://a.espncdn.com/i/teamlogos/ncaa/500/2428.png,880023,c2c3c0,77
401823055,2026,2,2026-03-02 00:00:00+00:00,2026-03-02 19:00:00-05:00,5314175,Justin Monden,2379,Hawks,Maryland Eastern Shore,MD Eastern,25.0,2,7,0,4,1,1,0,1,1,2,1,0,5,5,5,False,False,False,False,12,J. Monden,https://a.espncdn.com/i/headshots/mens-college-basketball/players/full/5314175.png,Guard,G,Maryland Eastern Shore Hawks,s:40~l:41~t:2379,maryland-eastern-shore-hawks,https://a.espncdn.com/i/teamlogos/ncaa/500/2379.png,UMES,5c2301,b5b7ba,home,False,73,2428,Eagles,North Carolina Central,North Carolina Central Eagles,NCCU,https://a.espncdn.com/i/teamlogos/ncaa/500/2428.png,880023,c2c3c0,77
401823055,2026,2,2026-03-02 00:00:00+00:00,2026-03-02 19:00:00-05:00,5314171,Zion Obanla,2379,Hawks,Maryland Eastern Shore,MD Eastern,33.0,7,11,0,0,4,5,6,6,12,3,1,2,2,1,18,False,False,False,True,1,Z. Obanla,https://a.espncdn.com/i/headshots/mens-college-basketball/players/full/5314171.png,Guard,G,Maryland Eastern Shore Hawks,s:40~l:41~t:2379,maryland-eastern-shore-hawks,https://a.espncdn.com/i/teamlogos/ncaa/500/2379.png,UMES,5c2301,b5b7ba,home,False,73,2428,Eagles,North Carolina Central,North Carolina Central Eagles,NCCU,https://a.espncdn.com/i/teamlogos/ncaa/500/2428.png,880023,c2c3c0,77
401823055,2026,2,2026-03-02 00:00:00+00:00,2026-03-02 19:00:00-05:00,5241693,Maurio Hanson Jr.,2379,Hawks,Maryland Eastern Shore,MD Eastern,,,,,,,,,,,,,,,,,False,False,True,False,31,M. Hanson Jr.,https://a.espncdn.com/i/headshots/mens-college-basketball/players/full/5241693.png,Forward,F,Maryland Eastern Shore Hawks,s:40~l:41~t:2379,maryland-eastern-shore-hawks,https://a.espncdn.com/i/teamlogos/ncaa/500/2379.png,UMES,5c2301,b5b7ba,home,False,73,2428,Eagles,North Carolina Central,North Carolina Central Eagles,NCCU,https://a.espncdn.com/i/teamlogos/ncaa/500/2428.png,880023,c2c3c0,77
401823055,2026,2,2026-03-02 00:00:00+00:00,2026-03-02 19:00:00-05:00,4703893,Trey Hall,2379,Hawks,Maryland Eastern Shore,MD Eastern,,,,,,,,,,,,,,,,,False,False,True,False,23,T. Hall,https://a.espncdn.com/i/headshots/mens-college-basketball/players/full/4703893.png,Forward,F,Maryland Eastern Shore Hawks,s:40~l:41~t:2379,maryland-eastern-shore-hawks,https://a.espncdn.com/i/teamlogos/ncaa/500/2379.png,UMES,5c2301,b5b7ba,home,False,73,2428,Eagles,North Carolina Central,North Carolina Central Eagles,NCCU,https://a.espncdn.com/i/teamlogos/ncaa/500/2428.png,880023,c2c3c0,77
401823055,2026,2,2026-03-02 00:00:00+00:00,2026-03-02 19:00:00-05:00,5314173,Trey Brown,2379,Hawks,Maryland Eastern Shore,MD Eastern,,,,,,,,,,,,,,,,,False,False,True,False,3,T. Brown,https://a.espncdn.com/i/headshots/mens-college-basketball/players/full/5314173.png,Point Guard,PG,Maryland Eastern Shore Hawks,s:40~l:41~t:2379,maryland-eastern-shore-hawks,https://a.espncdn.com/i/teamlogos/ncaa/500/2379.png,UMES,5c2301,b5b7ba,home,False,73,2428,Eagles,North Carolina Central,North Carolina Central Eagles,NCCU,https://a.espncdn.com/i/teamlogos/ncaa/500/2428.png,880023,c2c3c0,77
401823055,2026,2,2026-03-02 00:00:00+00:00,2026-03-02 19:00:00-05:00,5314174,Devin Thomas,2379,Hawks,Maryland Eastern Shore,MD Eastern,,,,,,,,,,,,,,,,,False,False,True,False,10,D. Thomas,https://a.espncdn.com/i/headshots/mens-college-basketball/players/full/5314174.png,Guard,G,Maryland Eastern Shore Hawks,s:40~l:41~t:2379,maryland-eastern-shore-hawks,https://a.espncdn.com/i/teamlogos/ncaa/500/2379.png,UMES,5c2301,b5b7ba,home,False,73,2428,Eagles,North Carolina Central,North Carolina Central Eagles,NCCU,https://a.espncdn.com/i/teamlogos/ncaa/500/2428.png,880023,c2c3c0,77
401823055,2026,2,2026-03-02 00:00:00+00:00,2026-03-02 19:00:00-05:00,5176356,Javoy Thompson,2379,Hawks,Maryland Eastern Shore,MD Eastern,,,,,,,,,,,,,,,,,False,False,True,False,11,J. Thompson,https://a.espncdn.com/i/headshots/mens-college-basketball/players/full/5176356.png,Guard,G,Maryland Eastern Shore Hawks,s:40~l:41~t:2379,maryland-eastern-shore-hawks,https://a.espncdn.com/i/teamlogos/ncaa/500/2379.png,UMES,5c2301,b5b7ba,home,False,73,2428,Eagles,North Carolina Central,North Carolina Central Eagles,NCCU,https://a.espncdn.com/i/teamlogos/ncaa/500/2428.png,880023,c2c3c0,77
401822779,2026,2,2026-03-02 00:00:00+00:00,2026-03-02 19:00:00-05:00,5313951,Tyler Koenig,2154,Eagles,Coppin State,Coppin St,4.0,0,1,0,0,0,0,1,0,1,0,0,1,0,0,0,True,False,False,False,33,T. Koenig,https://a.espncdn.com/i/headshots/mens-college-basketball/players/full/5313951.png,Forward,F,Coppin State Eagles,s:40~l:41~t:2154,coppin-state-eagles,https://a.espncdn.com/i/teamlogos/ncaa/500/2154.png,COPP,2e3192,ffd204,away,False,70,47,Bison,Howard,Howard Bison,HOW,https://a.espncdn.com/i/teamlogos/ncaa/500/47.png,003a63,e51937,90
401822779,2026,2,2026-03-02 00:00:00+00:00,2026-03-02 19:00:00-05:00,5252323,Demariontay Hall,2154,Eagles,Coppin State,Coppin St,29.0,9,17,0,0,2,4,2,3,5,0,2,1,2,3,20,True,False,False,False,6,D. Hall,https://a.espncdn.com/i/headshots/mens-college-basketball/players/full/5252323.png,Forward,F,Coppin State Eagles,s:40~l:41~t:2154,coppin-state-eagles,https://a.espncdn.com/i/teamlogos/ncaa/500/2154.png,COPP,2e3192,ffd204,away,False,70,47,Bison,Howard,Howard Bison,HOW,https://a.espncdn.com/i/teamlogos/ncaa/500/47.png,003a63,e51937,90
401822779,2026,2,2026-03-02 00:00:00+00:00,2026-03-02 19:00:00-05:00,5176265,Khali Horton,2154,Eagles,Coppin State,Coppin St,14.0,0,3,0,1,0,0,0,1,1,1,1,0,0,0,0,True,False,False,False,7,K. Horton,https://a.espncdn.com/i/headshots/mens-college-basketball/players/full/5176265.png,Forward,F,Coppin State Eagles,s:40~l:41~t:2154,coppin-state-eagles,https://a.espncdn.com/i/teamlogos/ncaa/500/2154.png,COPP,2e3192,ffd204,away,False,70,47,Bison,Howard,Howard Bison,HOW,https://a.espncdn.com/i/teamlogos/ncaa/500/47.png,003a63,e51937,90
401822779,2026,2,2026-03-02 00:00:00+00:00,2026-03-02 19:00:00-05:00,5313948,Jamari Piercy,2154,Eagles,Coppin State,Coppin St,31.0,7,10,1,3,0,1,0,3,3,1,1,0,2,1,15,True,False,False,True,14,J. Piercy,https://a.espncdn.com/i/headshots/mens-college-basketball/players/full/5313948.png,Guard,G,Coppin State Eagles,s:40~l:41~t:2154,coppin-state-eagles,https://a.espncdn.com/i/teamlogos/ncaa/500/2154.png,COPP,2e3192,ffd204,away,False,70,47,Bison,Howard,Howard Bison,HOW,https://a.espncdn.com/i/teamlogos/ncaa/500/47.png,003a63,e51937,90
401822779,2026,2,2026-03-02 00:00:00+00:00,2026-03-02 19:00:00-05:00,4896959,Hassan Perkins,2154,Eagles,Coppin State,Coppin St,20.0,1,3,0,0,0,0,0,0,0,3,0,0,3,2,2,True,False,False,False,1,H. Perkins,https://a.espncdn.com/i/headshots/mens-college-basketball/players/full/4896959.png,Guard,G,Coppin State Eagles,s:40~l:41~t:2154,coppin-state-eagles,https://a.espncdn.com/i/teamlogos/ncaa/500/2154.png,COPP,2e3192,ffd204,away,False,70,47,Bison,Howard,Howard Bison,HOW,https://a.espncdn.com/i/teamlogos/ncaa/500/47.png,003a63,e51937,90
401822779,2026,2,2026-03-02 00:00:00+00:00,2026-03-02 19:00:00-05:00,5313949,Nelson Lamizana,2154,Eagles,Coppin State,Coppin St,15.0,3,7,0,1,3,4,0,2,2,1,0,1,1,2,9,False,False,False,False,21,N. Lamizana,https://a.espncdn.com/i/headshots/mens-college-basketball/players/full/5313949.png,Forward,F,Coppin State Eagles,s:40~l:41~t:2154,coppin-state-eagles,https://a.espncdn.com/i/teamlogos/ncaa/500/2154.png,COPP,2e3192,ffd204,away,False,70,47,Bison,Howard,Howard Bison,HOW,https://a.espncdn.com/i/teamlogos/ncaa/500/47.png,003a63,e51937,90
401822779,2026,2,2026-03-02 00:00:00+00:00,2026-03-02 19:00:00-05:00,4684986,Favour Aire,2154,Eagles,Coppin State,Coppin St,16.0,5,6,1,1,0,0,2,2,4,2,0,0,2,4,11,False,False,False,True,2,F. Aire,https://a.espncdn.com/i/headshots/mens-college-basketball/players/full/4684986.png,Center,C,Coppin State Eagles,s:40~l:41~t:2154,coppin-state-eagles,https://a.espncdn.com/i/teamlogos/ncaa/500/2154.png,COPP,2e3192,ffd204,away,False,70,47,Bison,Howard,Howard Bison,HOW,https://a.espncdn.com/i/teamlogos/ncaa/500/47.png,003a63,e51937,90
401822779,2026,2,2026-03-02 00:00:00+00:00,2026-03-02 19:00:00-05:00,5313950,Daveyon Lydner,2154,Eagles,Coppin State,Coppin St,24.0,1,2,1,1,2,4,0,0,0,2,0,0,1,3,5,False,False,False,True,23,D. Lydner,https://a.espncdn.com/i/headshots/mens-college-basketball/players/full/5313950.png,Guard,G,Coppin State Eagles,s:40~l:41~t:2154,coppin-state-eagles,https://a.espncdn.com/i/teamlogos/ncaa/500/2154.png,COPP,2e3192,ffd204,away,False,70,47,Bison,Howard,Howard Bison,HOW,https://a.espncdn.com/i/teamlogos/ncaa/500/47.png,003a63,e51937,90
401822779,2026,2,2026-03-02 00:00:00+00:00,2026-03-02 19:00:00-05:00,5313947,Torrin Andrews,2154,Eagles,Coppin State,Coppin St,9.0,0,1,0,1,0,0,0,0,0,0,0,0,2,0,0,False,False,False,False,11,T. Andrews,https://a.espncdn.com/i/headshots/mens-college-basketball/players/full/5313947.png,Guard,G,Coppin State Eagles,s:40~l:41~t:2154,coppin-state-eagles,https://a.espncdn.com/i/teamlogos/ncaa/500/2154.png,COPP,2e3192,ffd204,away,False,70,47,Bison,Howard,Howard Bison,HOW,https://a.espncdn.com/i/teamlogos/ncaa/500/47.png,003a63,e51937,90
401822779,2026,2,2026-03-02 00:00:00+00:00,2026-03-02 19:00:00-05:00,5313946,Hussain Williams,2154,Eagles,Coppin State,Coppin St,9.0,1,3,0,1,0,0,0,0,0,1,0,0,0,0,2,False,False,False,False,4,H. Williams,https://a.espncdn.com/i/headshots/mens-college-basketball/players/full/5313946.png,Guard,G,Coppin State Eagles,s:40~l:41~t:2154,coppin-state-eagles,https://a.espncdn.com/i/teamlogos/ncaa/500/2154.png,COPP,2e3192,ffd204,away,False,70,47,Bison,Howard,Howard Bison,HOW,https://a.espncdn.com/i/teamlogos/ncaa/500/47.png,003a63,e51937,90
401822779,2026,2,2026-03-02 00:00:00+00:00,2026-03-02 19:00:00-05:00,5313945,Josiah Brown,2154,Eagles,Coppin State,Coppin St,13.0,0,1,0,0,0,0,0,0,0,0,1,0,0,2,0,False,False,False,True,3,J. Brown,https://a.espncdn.com/i/headshots/mens-college-basketball/players/full/5313945.png,Guard,G,Coppin State Eagles,s:40~l:41~t:2154,coppin-state-eagles,https://a.espncdn.com/i/teamlogos/ncaa/500/2154.png,COPP,2e3192,ffd204,away,False,70,47,Bison,Howard,Howard Bison,HOW,https://a.espncdn.com/i/teamlogos/ncaa/500/47.png,003a63,e51937,90
401822779,2026,2,2026-03-02 00:00:00+00:00,2026-03-02 19:00:00-05:00,5313944,Baasil Saunders,2154,Eagles,Coppin State,Coppin St,16.0,2,2,0,0,2,3,1,1,2,1,2,0,2,1,6,False,False,False,True,0,B. Saunders,https://a.espncdn.com/i/headshots/mens-college-basketball/players/full/5313944.png,Guard,G,Coppin State Eagles,s:40~l:41~t:2154,coppin-state-eagles,https://a.espncdn.com/i/teamlogos/ncaa/500/2154.png,COPP,2e3192,ffd204,away,False,70,47,Bison,Howard,Howard Bison,HOW,https://a.espncdn.com/i/teamlogos/ncaa/500/47.png,003a63,e51937,90
401822779,2026,2,2026-03-02 00:00:00+00:00,2026-03-02 19:00:00-05:00,4897522,Chris Morgan,2154,Eagles,Coppin State,Coppin St,,,,,,,,,,,,,,,,,False,False,True,False,12,C. Morgan,https://a.espncdn.com/i/headshots/mens-college-basketball/players/full/4897522.png,Forward,F,Coppin State Eagles,s:40~l:41~t:2154,coppin-state-eagles,https://a.espncdn.com/i/teamlogos/ncaa/500/2154.png,COPP,2e3192,ffd204,away,False,70,47,Bison,Howard,Howard Bison,HOW,https://a.espncdn.com/i/teamlogos/ncaa/500/47.png,003a63,e51937,90
401822779,2026,2,2026-03-02 00:00:00+00:00,2026-03-02 19:00:00-05:00,4433210,Elijah Taylor,2154,Eagles,Coppin State,Coppin St,,,,,,,,,,,,,,,,,False,False,True,False,22,E. Taylor,https://a.espncdn.com/i/headshots/mens-college-basketball/players/full/4433210.png,Forward,F,Coppin State Eagles,s:40~l:41~t:2154,coppin-state-eagles,https://a.espncdn.com/i/teamlogos/ncaa/500/2154.png,COPP,2e3192,ffd204,away,False,70,47,Bison,Howard,Howard Bison,HOW,https://a.espncdn.com/i/teamlogos/ncaa/500/47.png,003a63,e51937,90
401822779,2026,2,2026-03-02 00:00:00+00:00,2026-03-02 19:00:00-05:00,4432364,Taj Thweatt,2154,Eagles,Coppin State,Coppin St,,,,,,,,,,,,,,,,,False,False,True,False,24,T. Thweatt,https://a.espncdn.com/i/headshots/mens-college-basketball/players/full/4432364.png,Forward,F,Coppin State Eagles,s:40~l:41~t:2154,coppin-state-eagles,https://a.espncdn.com/i/teamlogos/ncaa/500/2154.png,COPP,2e3192,ffd204,away,False,70,47,Bison,Howard,Howard Bison,HOW,https://a.espncdn.com/i/teamlogos/ncaa/500/47.png,003a63,e51937,90
401822779,2026,2,2026-03-02 00:00:00+00:00,2026-03-02 19:00:00-05:00,5176269,Camaren Sparrow,2154,Eagles,Coppin State,Coppin St,,,,,,,,,,,,,,,,,False,False,True,False,10,C. Sparrow,https://a.espncdn.com/i/headshots/mens-college-basketball/players/full/5176269.png,Guard,G,Coppin State Eagles,s:40~l:41~t:2154,coppin-state-eagles,https://a.espncdn.com/i/teamlogos/ncaa/500/2154.png,COPP,2e3192,ffd204,away,False,70,47,Bison,Howard,Howard Bison,HOW,https://a.espncdn.com/i/teamlogos/ncaa/500/47.png,003a63,e51937,90
401822779,2026,2,2026-03-02 00:00:00+00:00,2026-03-02 19:00:00-05:00,5108705,Macahi Nelson,2154,Eagles,Coppin State,Coppin St,,,,,,,,,,,,,,,,,False,False,True,False,15,M. Nelson,https://a.espncdn.com/i/headshots/mens-college-basketball/players/full/5108705.png,Guard,G,Coppin State Eagles,s:40~l:41~t:2154,coppin-state-eagles,https://a.espncdn.com/i/teamlogos/ncaa/500/2154.png,COPP,2e3192,ffd204,away,False,70,47,Bison,Howard,Howard Bison,HOW,https://a.espncdn.com/i/teamlogos/ncaa/500/47.png,003a63,e51937,90
401822779,2026,2,2026-03-02 00:00:00+00:00,2026-03-02 19:00:00-05:00,5192142,Cedric Taylor III,47,Bison,Howard,Howard,32.0,8,11,1,3,4,6,3,2,5,5,1,3,3,4,21,True,False,False,False,12,C. Taylor III,https://a.espncdn.com/i/headshots/mens-college-basketball/players/full/5192142.png,Guard,G,Howard Bison,s:40~l:41~t:47,howard-bison,https://a.espncdn.com/i/teamlogos/ncaa/500/47.png,HOW,003a63,e51937,home,True,90,2154,Eagles,Coppin State,Coppin State Eagles,COPP,https://a.espncdn.com/i/teamlogos/ncaa/500/2154.png,2e3192,ffd204,70
401822779,2026,2,2026-03-02 00:00:00+00:00,2026-03-02 19:00:00-05:00,5176075,Cam Gillus,47,Bison,Howard,Howard,32.0,3,5,2,3,4,4,2,9,11,11,4,0,8,1,12,True,False,False,False,2,C. Gillus,https://a.espncdn.com/i/headshots/mens-college-basketball/players/full/5176075.png,Guard,G,Howard Bison,s:40~l:41~t:47,howard-bison,https://a.espncdn.com/i/teamlogos/ncaa/500/47.png,HOW,003a63,e51937,home,True,90,2154,Eagles,Coppin State,Coppin State Eagles,COPP,https://a.espncdn.com/i/teamlogos/ncaa/500/2154.png,2e3192,ffd204,70
401822779,2026,2,2026-03-02 00:00:00+00:00,2026-03-02 19:00:00-05:00,5175065,Alex Cotton,47,Bison,Howard,Howard,28.0,5,10,5,10,1,2,0,1,1,1,2,0,0,1,16,True,False,False,False,4,A. Cotton,https://a.espncdn.com/i/headshots/mens-college-basketball/players/full/5175065.png,Guard,G,Howard Bison,s:40~l:41~t:47,howard-bison,https://a.espncdn.com/i/teamlogos/ncaa/500/47.png,HOW,003a63,e51937,home,True,90,2154,Eagles,Coppin State,Coppin State Eagles,COPP,https://a.espncdn.com/i/teamlogos/ncaa/500/2154.png,2e3192,ffd204,70
401822779,2026,2,2026-03-02 00:00:00+00:00,2026-03-02 19:00:00-05:00,5107986,Ose Okojie,47,Bison,Howard,Howard,29.0,6,9,0,0,6,9,2,1,3,2,2,0,1,3,18,True,False,False,False,11,O. Okojie,https://a.espncdn.com/i/headshots/mens-college-basketball/players/full/5107986.png,Guard,G,Howard Bison,s:40~l:41~t:47,howard-bison,https://a.espncdn.com/i/teamlogos/ncaa/500/47.png,HOW,003a63,e51937,home,True,90,2154,Eagles,Coppin State,Coppin State Eagles,COPP,https://a.espncdn.com/i/teamlogos/ncaa/500/2154.png,2e3192,ffd204,70
401822779,2026,2,2026-03-02 00:00:00+00:00,2026-03-02 19:00:00-05:00,4897768,Bryce Harris,47,Bison,Howard,Howard,31.0,7,13,2,5,0,0,2,3,5,3,1,4,1,1,16,True,False,False,False,34,B. Harris,https://a.espncdn.com/i/headshots/mens-college-basketball/players/full/4897768.png,Guard,G,Howard Bison,s:40~l:41~t:47,howard-bison,https://a.espncdn.com/i/teamlogos/ncaa/500/47.png,HOW,003a63,e51937,home,True,90,2154,Eagles,Coppin State,Coppin State Eagles,COPP,https://a.espncdn.com/i/teamlogos/ncaa/500/2154.png,2e3192,ffd204,70
401822779,2026,2,2026-03-02 00:00:00+00:00,2026-03-02 19:00:00-05:00,5316220,Travelle Bryson,47,Bison,Howard,Howard,10.0,1,4,0,2,0,0,0,0,0,1,1,0,0,0,2,False,False,False,False,32,T. Bryson,https://a.espncdn.com/i/headshots/mens-college-basketball/players/full/5316220.png,Forward,F,Howard Bison,s:40~l:41~t:47,howard-bison,https://a.espncdn.com/i/teamlogos/ncaa/500/47.png,HOW,003a63,e51937,home,True,90,2154,Eagles,Coppin State,Coppin State Eagles,COPP,https://a.espncdn.com/i/teamlogos/ncaa/500/2154.png,2e3192,ffd204,70
401822779,2026,2,2026-03-02 00:00:00+00:00,2026-03-02 19:00:00-05:00,5316216,Julian Johnson,47,Bison,Howard,Howard,2.0,0,0,0,0,0,0,0,0,0,0,0,0,0,0,0,False,False,False,True,7,J. Johnson,https://a.espncdn.com/i/headshots/mens-college-basketball/players/full/5316216.png,Forward,F,Howard Bison,s:40~l:41~t:47,howard-bison,https://a.espncdn.com/i/teamlogos/ncaa/500/47.png,HOW,003a63,e51937,home,True,90,2154,Eagles,Coppin State,Coppin State Eagles,COPP,https://a.espncdn.com/i/teamlogos/ncaa/500/2154.png,2e3192,ffd204,70
401822779,2026,2,2026-03-02 00:00:00+00:00,2026-03-02 19:00:00-05:00,5316213,Stefan Isailovic,47,Bison,Howard,Howard,2.0,0,0,0,0,0,0,0,0,0,0,0,0,0,1,0,False,False,False,True,1,S. Isailovic,https://a.espncdn.com/i/headshots/mens-college-basketball/players/full/5316213.png,Forward,F,Howard Bison,s:40~l:41~t:47,howard-bison,https://a.espncdn.com/i/teamlogos/ncaa/500/47.png,HOW,003a63,e51937,home,True,90,2154,Eagles,Coppin State,Coppin State Eagles,COPP,https://a.espncdn.com/i/teamlogos/ncaa/500/2154.png,2e3192,ffd204,70
401822779,2026,2,2026-03-02 00:00:00+00:00,2026-03-02 19:00:00-05:00,5250600,Calvin Robins Jr.,47,Bison,Howard,Howard,3.0,0,1,0,0,0,0,0,0,0,0,1,0,0,1,0,False,False,False,False,21,C. Robins Jr.,https://a.espncdn.com/i/headshots/mens-college-basketball/players/full/5250600.png,Forward,F,Howard Bison,s:40~l:41~t:47,howard-bison,https://a.espncdn.com/i/teamlogos/ncaa/500/47.png,HOW,003a63,e51937,home,True,90,2154,Eagles,Coppin State,Coppin State Eagles,COPP,https://a.espncdn.com/i/teamlogos/ncaa/500/2154.png,2e3192,ffd204,70
401822779,2026,2,2026-03-02 00:00:00+00:00,2026-03-02 19:00:00-05:00,5316219,Danas Kazakevicius,47,Bison,Howard,Howard,10.0,0,0,0,0,0,0,0,2,2,2,0,0,0,2,0,False,False,False,False,13,D. Kazakevicius,https://a.espncdn.com/i/headshots/mens-college-basketball/players/full/5316219.png,Center,C,Howard Bison,s:40~l:41~t:47,howard-bison,https://a.espncdn.com/i/teamlogos/ncaa/500/47.png,HOW,003a63,e51937,home,True,90,2154,Eagles,Coppin State,Coppin State Eagles,COPP,https://a.espncdn.com/i/teamlogos/ncaa/500/2154.png,2e3192,ffd204,70
401822779,2026,2,2026-03-02 00:00:00+00:00,2026-03-02 19:00:00-05:00,5316218,Jeremiah Johnson,47,Bison,Howard,Howard,5.0,1,1,1,1,0,0,0,0,0,0,0,0,0,0,3,False,False,False,False,10,J. Johnson,https://a.espncdn.com/i/headshots/mens-college-basketball/players/full/5316218.png,Guard,G,Howard Bison,s:40~l:41~t:47,howard-bison,https://a.espncdn.com/i/teamlogos/ncaa/500/47.png,HOW,003a63,e51937,home,True,90,2154,Eagles,Coppin State,Coppin State Eagles,COPP,https://a.espncdn.com/i/teamlogos/ncaa/500/2154.png,2e3192,ffd204,70
401822779,2026,2,2026-03-02 00:00:00+00:00,2026-03-02 19:00:00-05:00,5316217,River Smith,47,Bison,Howard,Howard,1.0,0,0,0,0,0,0,0,0,0,0,0,0,0,0,0,False,False,False,True,9,R. Smith,https://a.espncdn.com/i/headshots/mens-college-basketball/players/full/5316217.png,Guard,G,Howard Bison,s:40~l:41~t:47,howard-bison,https://a.espncdn.com/i/teamlogos/ncaa/500/47.png,HOW,003a63,e51937,home,True,90,2154,Eagles,Coppin State,Coppin State Eagles,COPP,https://a.espncdn.com/i/teamlogos/ncaa/500/2154.png,2e3192,ffd204,70
401822779,2026,2,2026-03-02 00:00:00+00:00,2026-03-02 19:00:00-05:00,5316215,Shane Frazier,47,Bison,Howard,Howard,1.0,0,1,0,0,0,0,0,0,0,0,0,0,0,0,0,False,False,False,True,5,S. Frazier,https://a.espncdn.com/i/headshots/mens-college-basketball/players/full/5316215.png,Guard,G,Howard Bison,s:40~l:41~t:47,howard-bison,https://a.espncdn.com/i/teamlogos/ncaa/500/47.png,HOW,003a63,e51937,home,True,90,2154,Eagles,Coppin State,Coppin State Eagles,COPP,https://a.espncdn.com/i/teamlogos/ncaa/500/2154.png,2e3192,ffd204,70
401822779,2026,2,2026-03-02 00:00:00+00:00,2026-03-02 19:00:00-05:00,5316214,BJ Powell,47,Bison,Howard,Howard,2.0,0,1,0,1,0,0,0,0,0,0,0,0,0,0,0,False,False,False,True,3,B. Powell,https://a.espncdn.com/i/headshots/mens-college-basketball/players/full/5316214.png,Guard,G,Howard Bison,s:40~l:41~t:47,howard-bison,https://a.espncdn.com/i/teamlogos/ncaa/500/47.png,HOW,003a63,e51937,home,True,90,2154,Eagles,Coppin State,Coppin State Eagles,COPP,https://a.espncdn.com/i/teamlogos/ncaa/500/2154.png,2e3192,ffd204,70
401822779,2026,2,2026-03-02 00:00:00+00:00,2026-03-02 19:00:00-05:00,5243100,Isaiah Brown,47,Bison,Howard,Howard,6.0,0,1,0,0,2,2,1,1,2,0,0,0,1,0,2,False,False,False,False,0,I. Brown,https://a.espncdn.com/i/headshots/mens-college-basketball/players/full/5243100.png,Guard,G,Howard Bison,s:40~l:41~t:47,howard-bison,https://a.espncdn.com/i/teamlogos/ncaa/500/47.png,HOW,003a63,e51937,home,True,90,2154,Eagles,Coppin State,Coppin State Eagles,COPP,https://a.espncdn.com/i/teamlogos/ncaa/500/2154.png,2e3192,ffd204,70
401822779,2026,2,2026-03-02 00:00:00+00:00,2026-03-02 19:00:00-05:00,4898226,Ed Holland III,47,Bison,Howard,Howard,6.0,0,0,0,0,0,0,0,1,1,1,1,0,0,1,0,False,False,False,False,23,E. Holland III,https://a.espncdn.com/i/headshots/mens-college-basketball/players/full/4898226.png,Guard,G,Howard Bison,s:40~l:41~t:47,howard-bison,https://a.espncdn.com/i/teamlogos/ncaa/500/47.png,HOW,003a63,e51937,home,True,90,2154,Eagles,Coppin State,Coppin State Eagles,COPP,https://a.espncdn.com/i/teamlogos/ncaa/500/2154.png,2e3192,ffd204,70
401828717,2026,2,2026-03-02 00:00:00+00:00,2026-03-02 18:00:00-05:00,5178891,Devon Ellis,2450,Spartans,Norfolk State,Norfolk St,33.0,6,14,0,1,2,7,3,4,7,2,1,0,0,1,14,True,False,False,True,11,D. Ellis,https://a.espncdn.com/i/headshots/mens-college-basketball/players/full/5178891.png,Forward,F,Norfolk State Spartans,s:40~l:41~t:2450,norfolk-state-spartans,https://a.espncdn.com/i/teamlogos/ncaa/500/2450.png,NORF,0c8968,fdb813,away,False,84,2415,Bears,Morgan State,Morgan State Bears,MORG,https://a.espncdn.com/i/teamlogos/ncaa/500/2415.png,014786,f47937,90
401828717,2026,2,2026-03-02 00:00:00+00:00,2026-03-02 18:00:00-05:00,5106634,Keyontae Lewis,2450,Spartans,Norfolk State,Norfolk St,6.0,1,1,0,0,2,2,0,1,1,0,0,0,1,3,4,True,False,False,False,23,K. Lewis,https://a.espncdn.com/i/headshots/mens-college-basketball/players/full/5106634.png,Forward,F,Norfolk State Spartans,s:40~l:41~t:2450,norfolk-state-spartans,https://a.espncdn.com/i/teamlogos/ncaa/500/2450.png,NORF,0c8968,fdb813,away,False,84,2415,Bears,Morgan State,Morgan State Bears,MORG,https://a.espncdn.com/i/teamlogos/ncaa/500/2415.png,014786,f47937,90
401828717,2026,2,2026-03-02 00:00:00+00:00,2026-03-02 18:00:00-05:00,5314183,Adrean Newton,2450,Spartans,Norfolk State,Norfolk St,20.0,0,3,0,2,1,2,2,0,2,5,0,0,0,1,1,True,False,False,True,0,A. Newton,https://a.espncdn.com/i/headshots/mens-college-basketball/players/full/5314183.png,Guard,G,Norfolk State Spartans,s:40~l:41~t:2450,norfolk-state-spartans,https://a.espncdn.com/i/teamlogos/ncaa/500/2450.png,NORF,0c8968,fdb813,away,False,84,2415,Bears,Morgan State,Morgan State Bears,MORG,https://a.espncdn.com/i/teamlogos/ncaa/500/2415.png,014786,f47937,90
401828717,2026,2,2026-03-02 00:00:00+00:00,2026-03-02 18:00:00-05:00,5176751,Jordan Leaks,2450,Spartans,Norfolk State,Norfolk St,25.0,2,6,1,4,1,3,0,5,5,3,1,0,1,1,6,True,False,False,True,20,J. Leaks,https://a.espncdn.com/i/headshots/mens-college-basketball/players/full/5176751.png,Guard,G,Norfolk State Spartans,s:40~l:41~t:2450,norfolk-state-spartans,https://a.espncdn.com/i/teamlogos/ncaa/500/2450.png,NORF,0c8968,fdb813,away,False,84,2415,Bears,Morgan State,Morgan State Bears,MORG,https://a.espncdn.com/i/teamlogos/ncaa/500/2415.png,014786,f47937,90
401828717,2026,2,2026-03-02 00:00:00+00:00,2026-03-02 18:00:00-05:00,5108049,Anthony McComb III,2450,Spartans,Norfolk State,Norfolk St,30.0,7,18,4,8,5,6,1,1,2,0,0,0,1,5,23,True,False,False,False,7,A. McComb III,https://a.espncdn.com/i/headshots/mens-college-basketball/players/full/5108049.png,Guard,G,Norfolk State Spartans,s:40~l:41~t:2450,norfolk-state-spartans,https://a.espncdn.com/i/teamlogos/ncaa/500/2450.png,NORF,0c8968,fdb813,away,False,84,2415,Bears,Morgan State,Morgan State Bears,MORG,https://a.espncdn.com/i/teamlogos/ncaa/500/2415.png,014786,f47937,90
401828717,2026,2,2026-03-02 00:00:00+00:00,2026-03-02 18:00:00-05:00,5243395,Melo Baines,2450,Spartans,Norfolk State,Norfolk St,6.0,0,2,0,0,0,0,0,2,2,0,0,0,0,1,0,False,False,False,False,6,M. Baines,https://a.espncdn.com/i/headshots/mens-college-basketball/players/full/5243395.png,Forward,F,Norfolk State Spartans,s:40~l:41~t:2450,norfolk-state-spartans,https://a.espncdn.com/i/teamlogos/ncaa/500/2450.png,NORF,0c8968,fdb813,away,False,84,2415,Bears,Morgan State,Morgan State Bears,MORG,https://a.espncdn.com/i/teamlogos/ncaa/500/2415.png,014786,f47937,90
401828717,2026,2,2026-03-02 00:00:00+00:00,2026-03-02 18:00:00-05:00,5108030,Jaquel Morris,2450,Spartans,Norfolk State,Norfolk St,27.0,6,8,0,0,4,4,8,4,12,1,0,2,2,2,16,False,False,False,False,21,J. Morris,https://a.espncdn.com/i/headshots/mens-college-basketball/players/full/5108030.png,Forward,F,Norfolk State Spartans,s:40~l:41~t:2450,norfolk-state-spartans,https://a.espncdn.com/i/teamlogos/ncaa/500/2450.png,NORF,0c8968,fdb813,away,False,84,2415,Bears,Morgan State,Morgan State Bears,MORG,https://a.espncdn.com/i/teamlogos/ncaa/500/2415.png,014786,f47937,90
401828717,2026,2,2026-03-02 00:00:00+00:00,2026-03-02 18:00:00-05:00,5243394,My'kel Jenkins,2450,Spartans,Norfolk State,Norfolk St,21.0,2,5,0,1,0,0,3,3,6,2,2,0,1,2,4,False,False,False,True,3,M. Jenkins,https://a.espncdn.com/i/headshots/mens-college-basketball/players/full/5243394.png,Guard,G,Norfolk State Spartans,s:40~l:41~t:2450,norfolk-state-spartans,https://a.espncdn.com/i/teamlogos/ncaa/500/2450.png,NORF,0c8968,fdb813,away,False,84,2415,Bears,Morgan State,Morgan State Bears,MORG,https://a.espncdn.com/i/teamlogos/ncaa/500/2415.png,014786,f47937,90
401828717,2026,2,2026-03-02 00:00:00+00:00,2026-03-02 18:00:00-05:00,5176708,Dian Wright-Forde,2450,Spartans,Norfolk State,Norfolk St,12.0,3,8,0,1,2,2,1,3,4,2,1,0,1,4,8,False,False,False,True,1,D. Wright-Forde,https://a.espncdn.com/i/headshots/mens-college-basketball/players/full/5176708.png,Guard,G,Norfolk State Spartans,s:40~l:41~t:2450,norfolk-state-spartans,https://a.espncdn.com/i/teamlogos/ncaa/500/2450.png,NORF,0c8968,fdb813,away,False,84,2415,Bears,Morgan State,Morgan State Bears,MORG,https://a.espncdn.com/i/teamlogos/ncaa/500/2415.png,014786,f47937,90
401828717,2026,2,2026-03-02 00:00:00+00:00,2026-03-02 18:00:00-05:00,5106767,Elijah Jamison,2450,Spartans,Norfolk State,Norfolk St,20.0,4,14,0,2,0,0,0,4,4,2,0,0,0,0,8,False,False,False,False,2,E. Jamison,https://a.espncdn.com/i/headshots/mens-college-basketball/players/full/5106767.png,Guard,G,Norfolk State Spartans,s:40~l:41~t:2450,norfolk-state-spartans,https://a.espncdn.com/i/teamlogos/ncaa/500/2450.png,NORF,0c8968,fdb813,away,False,84,2415,Bears,Morgan State,Morgan State Bears,MORG,https://a.espncdn.com/i/teamlogos/ncaa/500/2415.png,014786,f47937,90
401828717,2026,2,2026-03-02 00:00:00+00:00,2026-03-02 18:00:00-05:00,5314185,Yel Deeng,2450,Spartans,Norfolk State,Norfolk St,,,,,,,,,,,,,,,,,False,False,True,False,14,Y. Deeng,https://a.espncdn.com/i/headshots/mens-college-basketball/players/full/5314185.png,Forward,F,Norfolk State Spartans,s:40~l:41~t:2450,norfolk-state-spartans,https://a.espncdn.com/i/teamlogos/ncaa/500/2450.png,NORF,0c8968,fdb813,away,False,84,2415,Bears,Morgan State,Morgan State Bears,MORG,https://a.espncdn.com/i/teamlogos/ncaa/500/2415.png,014786,f47937,90
401828717,2026,2,2026-03-02 00:00:00+00:00,2026-03-02 18:00:00-05:00,5189033,Mekhi Reid,2450,Spartans,Norfolk State,Norfolk St,,,,,,,,,,,,,,,,,False,False,True,False,22,M. Reid,,Forward,F,Norfolk State Spartans,s:40~l:41~t:2450,norfolk-state-spartans,https://a.espncdn.com/i/teamlogos/ncaa/500/2450.png,NORF,0c8968,fdb813,away,False,84,2415,Bears,Morgan State,Morgan State Bears,MORG,https://a.espncdn.com/i/teamlogos/ncaa/500/2415.png,014786,f47937,90
401828717,2026,2,2026-03-02 00:00:00+00:00,2026-03-02 18:00:00-05:00,5314186,Ryan Williams,2450,Spartans,Norfolk State,Norfolk St,,,,,,,,,,,,,,,,,False,False,True,False,24,R. Williams,https://a.espncdn.com/i/headshots/mens-college-basketball/players/full/5314186.png,Guard,G,Norfolk State Spartans,s:40~l:41~t:2450,norfolk-state-spartans,https://a.espncdn.com/i/teamlogos/ncaa/500/2450.png,NORF,0c8968,fdb813,away,False,84,2415,Bears,Morgan State,Morgan State Bears,MORG,https://a.espncdn.com/i/teamlogos/ncaa/500/2415.png,014786,f47937,90
401828717,2026,2,2026-03-02 00:00:00+00:00,2026-03-02 18:00:00-05:00,5314184,Ahmad Torrence,2450,Spartans,Norfolk State,Norfolk St,,,,,,,,,,,,,,,,,False,False,True,False,13,A. Torrence,https://a.espncdn.com/i/headshots/mens-college-basketball/players/full/5314184.png,Guard,G,Norfolk State Spartans,s:40~l:41~t:2450,norfolk-state-spartans,https://a.espncdn.com/i/teamlogos/ncaa/500/2450.png,NORF,0c8968,fdb813,away,False,84,2415,Bears,Morgan State,Morgan State Bears,MORG,https://a.espncdn.com/i/teamlogos/ncaa/500/2415.png,014786,f47937,90
401828717,2026,2,2026-03-02 00:00:00+00:00,2026-03-02 18:00:00-05:00,5175361,Dramane Camara,2450,Spartans,Norfolk State,Norfolk St,,,,,,,,,,,,,,,,,False,False,True,False,35,D. Camara,https://a.espncdn.com/i/headshots/mens-college-basketball/players/full/5175361.png,Guard,G,Norfolk State Spartans,s:40~l:41~t:2450,norfolk-state-spartans,https://a.espncdn.com/i/teamlogos/ncaa/500/2450.png,NORF,0c8968,fdb813,away,False,84,2415,Bears,Morgan State,Morgan State Bears,MORG,https://a.espncdn.com/i/teamlogos/ncaa/500/2415.png,014786,f47937,90
401828717,2026,2,2026-03-02 00:00:00+00:00,2026-03-02 18:00:00-05:00,5314182,Eugene Alvin,2415,Bears,Morgan State,Morgan St,35.0,6,10,3,4,4,4,1,4,5,1,0,2,2,3,19,True,False,False,True,55,E. Alvin,https://a.espncdn.com/i/headshots/mens-college-basketball/players/full/5314182.png,Forward,F,Morgan State Bears,s:40~l:41~t:2415,morgan-state-bears,https://a.espncdn.com/i/teamlogos/ncaa/500/2415.png,MORG,014786,f47937,home,True,90,2450,Spartans,Norfolk State,Norfolk State Spartans,NORF,https://a.espncdn.com/i/teamlogos/ncaa/500/2450.png,0c8968,fdb813,84
401828717,2026,2,2026-03-02 00:00:00+00:00,2026-03-02 18:00:00-05:00,5314179,Christian Meeks,2415,Bears,Morgan State,Morgan St,21.0,0,3,0,0,0,0,2,4,6,1,0,1,0,5,0,True,False,False,False,0,C. Meeks,https://a.espncdn.com/i/headshots/mens-college-basketball/players/full/5314179.png,Guard,G,Morgan State Bears,s:40~l:41~t:2415,morgan-state-bears,https://a.espncdn.com/i/teamlogos/ncaa/500/2415.png,MORG,014786,f47937,home,True,90,2450,Spartans,Norfolk State,Norfolk State Spartans,NORF,https://a.espncdn.com/i/teamlogos/ncaa/500/2450.png,0c8968,fdb813,84
401828717,2026,2,2026-03-02 00:00:00+00:00,2026-03-02 18:00:00-05:00,5263816,Elijah Davis,2415,Bears,Morgan State,Morgan St,40.0,5,8,0,1,5,8,0,2,2,10,0,0,1,2,15,True,False,False,True,2,E. Davis,https://a.espncdn.com/i/headshots/mens-college-basketball/players/full/5263816.png,Guard,G,Morgan State Bears,s:40~l:41~t:2415,morgan-state-bears,https://a.espncdn.com/i/teamlogos/ncaa/500/2415.png,MORG,014786,f47937,home,True,90,2450,Spartans,Norfolk State,Norfolk State Spartans,NORF,https://a.espncdn.com/i/teamlogos/ncaa/500/2450.png,0c8968,fdb813,84
401828717,2026,2,2026-03-02 00:00:00+00:00,2026-03-02 18:00:00-05:00,5240664,Alfred Worrell Jr.,2415,Bears,Morgan State,Morgan St,32.0,3,11,2,7,8,8,0,8,8,5,1,0,6,2,16,True,False,False,True,1,A. Worrell Jr.,https://a.espncdn.com/i/headshots/mens-college-basketball/players/full/5240664.png,Guard,G,Morgan State Bears,s:40~l:41~t:2415,morgan-state-bears,https://a.espncdn.com/i/teamlogos/ncaa/500/2415.png,MORG,014786,f47937,home,True,90,2450,Spartans,Norfolk State,Norfolk State Spartans,NORF,https://a.espncdn.com/i/teamlogos/ncaa/500/2450.png,0c8968,fdb813,84
401828717,2026,2,2026-03-02 00:00:00+00:00,2026-03-02 18:00:00-05:00,5107977,Rob Lawson,2415,Bears,Morgan State,Morgan St,37.0,7,11,4,6,2,3,0,6,6,1,0,0,0,2,20,True,False,False,True,3,R. Lawson,https://a.espncdn.com/i/headshots/mens-college-basketball/players/full/5107977.png,Guard,G,Morgan State Bears,s:40~l:41~t:2415,morgan-state-bears,https://a.espncdn.com/i/teamlogos/ncaa/500/2415.png,MORG,014786,f47937,home,True,90,2450,Spartans,Norfolk State,Norfolk State Spartans,NORF,https://a.espncdn.com/i/teamlogos/ncaa/500/2450.png,0c8968,fdb813,84
401828717,2026,2,2026-03-02 00:00:00+00:00,2026-03-02 18:00:00-05:00,5176294,Christian Oliver,2415,Bears,Morgan State,Morgan St,6.0,0,1,0,0,0,0,0,3,3,0,0,1,0,3,0,False,False,False,False,21,C. Oliver,https://a.espncdn.com/i/headshots/mens-college-basketball/players/full/5176294.png,Center,C,Morgan State Bears,s:40~l:41~t:2415,morgan-state-bears,https://a.espncdn.com/i/teamlogos/ncaa/500/2415.png,MORG,014786,f47937,home,True,90,2450,Spartans,Norfolk State,Norfolk State Spartans,NORF,https://a.espncdn.com/i/teamlogos/ncaa/500/2450.png,0c8968,fdb813,84
401828717,2026,2,2026-03-02 00:00:00+00:00,2026-03-02 18:00:00-05:00,5314180,David Bumpass,2415,Bears,Morgan State,Morgan St,1.0,0,0,0,0,0,0,0,0,0,1,0,0,0,0,0,False,False,False,False,4,D. Bumpass,https://a.espncdn.com/i/headshots/mens-college-basketball/players/full/5314180.png,Guard,G,Morgan State Bears,s:40~l:41~t:2415,morgan-state-bears,https://a.espncdn.com/i/teamlogos/ncaa/500/2415.png,MORG,014786,f47937,home,True,90,2450,Spartans,Norfolk State,Norfolk State Spartans,NORF,https://a.espncdn.com/i/teamlogos/ncaa/500/2450.png,0c8968,fdb813,84
401828717,2026,2,2026-03-02 00:00:00+00:00,2026-03-02 18:00:00-05:00,5110002,Walter Peggs Jr.,2415,Bears,Morgan State,Morgan St,28.0,7,13,5,10,1,1,0,1,1,1,0,0,0,1,20,False,False,False,True,52,W. Peggs Jr.,,Guard,G,Morgan State Bears,s:40~l:41~t:2415,morgan-state-bears,https://a.espncdn.com/i/teamlogos/ncaa/500/2415.png,MORG,014786,f47937,home,True,90,2450,Spartans,Norfolk State,Norfolk State Spartans,NORF,https://a.espncdn.com/i/teamlogos/ncaa/500/2450.png,0c8968,fdb813,84
401828717,2026,2,2026-03-02 00:00:00+00:00,2026-03-02 18:00:00-05:00,5247441,Manok Lual,2415,Bears,Morgan State,Morgan St,,,,,,,,,,,,,,,,,False,False,True,False,22,M. Lual,https://a.espncdn.com/i/headshots/mens-college-basketball/players/full/5247441.png,Forward,F,Morgan State Bears,s:40~l:41~t:2415,morgan-state-bears,https://a.espncdn.com/i/teamlogos/ncaa/500/2415.png,MORG,014786,f47937,home,True,90,2450,Spartans,Norfolk State,Norfolk State Spartans,NORF,https://a.espncdn.com/i/teamlogos/ncaa/500/2450.png,0c8968,fdb813,84
401828717,2026,2,2026-03-02 00:00:00+00:00,2026-03-02 18:00:00-05:00,5243114,Jayden Socka,2415,Bears,Morgan State,Morgan St,,,,,,,,,,,,,,,,,False,False,True,False,32,J. Socka,https://a.espncdn.com/i/headshots/mens-college-basketball/players/full/5243114.png,Forward,F,Morgan State Bears,s:40~l:41~t:2415,morgan-state-bears,https://a.espncdn.com/i/teamlogos/ncaa/500/2415.png,MORG,014786,f47937,home,True,90,2450,Spartans,Norfolk State,Norfolk State Spartans,NORF,https://a.espncdn.com/i/teamlogos/ncaa/500/2450.png,0c8968,fdb813,84
401828717,2026,2,2026-03-02 00:00:00+00:00,2026-03-02 18:00:00-05:00,5243111,Marland Harris,2415,Bears,Morgan State,Morgan St,,,,,,,,,,,,,,,,,False,False,True,False,7,M. Harris,https://a.espncdn.com/i/headshots/mens-college-basketball/players/full/5243111.png,Forward,F,Morgan State Bears,s:40~l:41~t:2415,morgan-state-bears,https://a.espncdn.com/i/teamlogos/ncaa/500/2415.png,MORG,014786,f47937,home,True,90,2450,Spartans,Norfolk State,Norfolk State Spartans,NORF,https://a.espncdn.com/i/teamlogos/ncaa/500/2450.png,0c8968,fdb813,84
401828717,2026,2,2026-03-02 00:00:00+00:00,2026-03-02 18:00:00-05:00,5243110,Matar Wade,2415,Bears,Morgan State,Morgan St,,,,,,,,,,,,,,,,,False,False,True,False,5,M. Wade,https://a.espncdn.com/i/headshots/mens-college-basketball/players/full/5243110.png,Forward,F,Morgan State Bears,s:40~l:41~t:2415,morgan-state-bears,https://a.espncdn.com/i/teamlogos/ncaa/500/2415.png,MORG,014786,f47937,home,True,90,2450,Spartans,Norfolk State,Norfolk State Spartans,NORF,https://a.espncdn.com/i/teamlogos/ncaa/500/2450.png,0c8968,fdb813,84
401828717,2026,2,2026-03-02 00:00:00+00:00,2026-03-02 18:00:00-05:00,5176291,Trent Edwards,2415,Bears,Morgan State,Morgan St,,,,,,,,,,,,,,,,,False,False,True,False,13,T. Edwards,https://a.espncdn.com/i/headshots/mens-college-basketball/players/full/5176291.png,Forward,F,Morgan State Bears,s:40~l:41~t:2415,morgan-state-bears,https://a.espncdn.com/i/teamlogos/ncaa/500/2415.png,MORG,014786,f47937,home,True,90,2450,Spartans,Norfolk State,Norfolk State Spartans,NORF,https://a.espncdn.com/i/teamlogos/ncaa/500/2450.png,0c8968,fdb813,84
401828717,2026,2,2026-03-02 00:00:00+00:00,2026-03-02 18:00:00-05:00,4704086,Dallas James,2415,Bears,Morgan State,Morgan St,,,,,,,,,,,,,,,,,False,False,True,False,42,D. James,https://a.espncdn.com/i/headshots/mens-college-basketball/players/full/4704086.png,Center,C,Morgan State Bears,s:40~l:41~t:2415,morgan-state-bears,https://a.espncdn.com/i/teamlogos/ncaa/500/2415.png,MORG,014786,f47937,home,True,90,2450,Spartans,Norfolk State,Norfolk State Spartans,NORF,https://a.espncdn.com/i/teamlogos/ncaa/500/2450.png,0c8968,fdb813,84
401828717,2026,2,2026-03-02 00:00:00+00:00,2026-03-02 18:00:00-05:00,5314181,Breon Barnett,2415,Bears,Morgan State,Morgan St,,,,,,,,,,,,,,,,,False,False,True,False,10,B. Barnett,https://a.espncdn.com/i/headshots/mens-college-basketball/players/full/5314181.png,Guard,G,Morgan State Bears,s:40~l:41~t:2415,morgan-state-bears,https://a.espncdn.com/i/teamlogos/ncaa/500/2415.png,MORG,014786,f47937,home,True,90,2450,Spartans,Norfolk State,Norfolk State Spartans,NORF,https://a.espncdn.com/i/teamlogos/ncaa/500/2450.png,0c8968,fdb813,84
